song_id,valence,arousal
3,3.5,3.299999952316284
21,6.599999904632568,6.300000190734863
22,4.0,4.800000190734863
37,6.599999904632568,5.300000190734863
39,7.300000190734863,5.400000095367432
52,4.599999904632568,5.099999904632568
59,5.300000190734863,4.099999904632568
87,5.300000190734863,2.5999999046325684
113,5.400000095367432,3.799999952316284
117,3.900000095367432,5.0
121,3.0999999046325684,3.900000095367432
124,3.700000047683716,2.799999952316284
140,4.199999809265137,4.5
151,4.0,4.5
152,4.400000095367432,5.599999904632568
160,3.5,3.5
164,4.099999904632568,2.900000095367432
174,4.0,3.799999952316284
193,4.099999904632568,3.0
198,1.899999976158142,3.299999952316284
219,2.400000095367432,3.799999952316284
220,4.099999904632568,3.400000095367432
222,3.799999952316284,4.300000190734863
231,4.099999904632568,5.599999904632568
234,3.5,3.900000095367432
235,3.0,3.700000047683716
236,2.5,2.400000095367432
239,2.299999952316284,3.299999952316284
240,6.400000095367432,6.599999904632568
253,6.599999904632568,2.5
258,4.300000190734863,4.300000190734863
275,5.300000190734863,5.5
289,5.699999809265137,6.699999809265137
296,5.900000095367432,5.699999809265137
302,6.599999904632568,7.0
319,4.5,6.599999904632568
326,5.400000095367432,7.199999809265137
329,3.299999952316284,4.199999809265137
340,3.799999952316284,4.599999904632568
345,7.199999809265137,6.5
347,3.819999933242798,5.820000171661377
369,2.900000095367432,3.400000095367432
371,5.199999809265137,6.599999904632568
390,5.699999809265137,6.199999809265137
400,5.099999904632568,5.599999904632568
406,5.300000190734863,4.300000190734863
458,3.400000095367432,5.0
459,6.300000190734863,6.099999904632568
464,5.099999904632568,5.599999904632568
466,6.599999904632568,5.900000095367432
468,3.5999999046325684,3.400000095367432
475,5.599999904632568,5.0
477,7.099999904632568,7.199999809265137
482,1.899999976158142,3.5
486,6.199999809265137,5.699999809265137
487,4.5,5.300000190734863
493,3.700000047683716,4.900000095367432
507,4.900000095367432,4.800000190734863
551,3.200000047683716,4.0
581,5.300000190734863,6.0
586,5.199999809265137,5.900000095367432
597,4.800000190734863,6.400000095367432
605,4.400000095367432,6.0
613,5.199999809265137,6.800000190734863
628,4.900000095367432,6.800000190734863
639,6.099999904632568,6.300000190734863
651,6.400000095367432,7.099999904632568
658,4.400000095367432,5.699999809265137
661,2.200000047683716,2.799999952316284
673,6.599999904632568,6.699999809265137
677,6.5,5.300000190734863
698,3.900000095367432,3.700000047683716
717,4.5,4.900000095367432
724,6.0,6.099999904632568
725,5.099999904632568,5.099999904632568
726,7.0,3.5999999046325684
727,4.300000190734863,4.5
739,6.199999809265137,6.900000095367432
759,6.699999809265137,5.900000095367432
777,6.199999809265137,5.099999904632568
790,7.199999809265137,5.400000095367432
796,5.199999809265137,5.099999904632568
815,5.5,5.900000095367432
824,7.199999809265137,7.0
839,5.699999809265137,4.400000095367432
841,4.199999809265137,4.699999809265137
846,6.0,5.5
848,2.200000047683716,2.700000047683716
850,3.5999999046325684,3.0999999046325684
851,5.0,4.400000095367432
871,6.400000095367432,6.0
899,5.300000190734863,6.300000190734863
903,5.900000095367432,5.599999904632568
909,6.0,5.5
934,6.199999809265137,6.400000095367432
936,5.400000095367432,4.699999809265137
941,7.199999809265137,5.900000095367432
955,3.799999952316284,5.599999904632568
968,3.799999952316284,3.200000047683716
978,7.699999809265137,6.099999904632568
983,4.800000190734863,6.300000190734863
999,4.099999904632568,5.900000095367432
1004,3.799999952316284,4.699999809265137
1005,5.400000095367432,5.099999904632568
1008,6.0,5.400000095367432
1020,3.400000095367432,2.5
1023,2.900000095367432,2.299999952316284
1026,3.700000047683716,2.799999952316284
1032,3.299999952316284,4.099999904632568
1033,5.300000190734863,5.599999904632568
1036,4.800000190734863,3.0
1048,5.0,6.699999809265137
1051,5.199999809265137,5.300000190734863
1052,5.5,6.599999904632568
1061,6.5,6.199999809265137
1062,4.099999904632568,4.300000190734863
1072,6.300000190734863,5.5
1088,7.300000190734863,6.599999904632568
1092,5.800000190734863,6.300000190734863
1097,5.5,5.400000095367432
1111,3.200000047683716,2.900000095367432
1113,3.400000095367432,3.0
1117,4.199999809265137,3.400000095367432
1120,3.400000095367432,2.799999952316284
1127,3.400000095367432,3.0
1128,3.700000047683716,2.700000047683716
1135,3.0999999046325684,2.700000047683716
1140,5.900000095367432,5.400000095367432
1148,3.400000095367432,3.0
1154,3.900000095367432,4.400000095367432
1186,3.700000047683716,1.899999976158142
1208,6.199999809265137,4.599999904632568
1212,3.5,2.700000047683716
1214,6.199999809265137,5.300000190734863
1217,3.900000095367432,2.5999999046325684
1229,5.199999809265137,4.300000190734863
1232,6.900000095367432,6.300000190734863
1238,5.5,5.099999904632568
1252,5.199999809265137,5.099999904632568
1269,3.5,4.400000095367432
1273,4.800000190734863,5.599999904632568
1274,6.0,5.400000095367432
1277,2.900000095367432,2.200000047683716
1278,5.099999904632568,4.099999904632568
1282,6.800000190734863,6.400000095367432
1285,5.099999904632568,4.900000095367432
1295,6.900000095367432,6.400000095367432
1301,4.400000095367432,2.799999952316284
1308,5.800000190734863,5.300000190734863
1313,4.199999809265137,3.0
1316,5.199999809265137,4.0
1321,4.5,5.699999809265137
1328,4.400000095367432,2.700000047683716
1333,4.5,5.699999809265137
1339,7.199999809265137,6.800000190734863
1343,6.0,5.400000095367432
1352,6.699999809265137,6.400000095367432
1361,4.400000095367432,2.5
1366,5.400000095367432,6.300000190734863
1380,4.099999904632568,4.5
1383,5.599999904632568,3.0
1386,5.900000095367432,5.0
1387,6.099999904632568,4.5
1393,6.199999809265137,4.099999904632568
1404,3.799999952316284,2.700000047683716
1409,4.900000095367432,3.700000047683716
1410,6.0,4.400000095367432
1411,3.900000095367432,2.700000047683716
1419,3.700000047683716,2.5
1437,5.099999904632568,4.5
1440,5.099999904632568,4.900000095367432
1441,5.0,4.0
1451,5.099999904632568,4.800000190734863
1464,4.800000190734863,4.400000095367432
1472,5.0,5.199999809265137
1481,3.900000095367432,3.700000047683716
1495,4.400000095367432,3.900000095367432
1498,4.800000190734863,3.799999952316284
1505,4.199999809265137,4.900000095367432
1511,5.5,5.599999904632568
1513,6.099999904632568,6.300000190734863
1514,4.599999904632568,5.400000095367432
1521,4.800000190734863,4.900000095367432
1523,6.900000095367432,4.800000190734863
1524,5.599999904632568,4.400000095367432
1532,5.800000190734863,5.599999904632568
1539,4.400000095367432,4.699999809265137
1548,4.599999904632568,3.700000047683716
1551,5.599999904632568,5.400000095367432
1554,5.800000190734863,4.5
1563,5.099999904632568,5.699999809265137
1589,5.800000190734863,6.099999904632568
1594,5.599999904632568,5.400000095367432
1606,5.599999904632568,4.900000095367432
1611,5.699999809265137,6.199999809265137
1620,6.300000190734863,5.699999809265137
1624,5.699999809265137,6.400000095367432
1626,6.099999904632568,6.0
1628,4.699999809265137,4.800000190734863
1629,6.400000095367432,6.300000190734863
1639,5.300000190734863,5.300000190734863
1647,7.099999904632568,5.800000190734863
1653,4.300000190734863,3.0999999046325684
1654,4.800000190734863,3.0999999046325684
1657,5.599999904632568,5.699999809265137
1665,5.599999904632568,5.699999809265137
1666,3.799999952316284,3.299999952316284
1667,6.0,7.5
1668,5.5,5.5
1670,5.900000095367432,5.400000095367432
1683,6.0,4.800000190734863
1687,5.099999904632568,4.699999809265137
1691,3.700000047683716,3.5999999046325684
1694,4.5,6.099999904632568
1696,3.799999952316284,3.299999952316284
1708,4.199999809265137,3.5999999046325684
1716,5.800000190734863,5.400000095367432
1719,5.0,3.299999952316284
1735,4.699999809265137,3.0
1736,4.699999809265137,3.0999999046325684
1739,3.700000047683716,2.799999952316284
1741,3.299999952316284,3.5
1742,6.800000190734863,5.099999904632568
1752,5.5,6.099999904632568
1753,3.200000047683716,3.400000095367432
1756,4.400000095367432,3.900000095367432
1757,5.0,3.0999999046325684
1765,5.800000190734863,4.599999904632568
1770,4.5,2.900000095367432
1772,5.599999904632568,4.300000190734863
1777,5.300000190734863,4.400000095367432
1779,5.699999809265137,2.900000095367432
1785,5.599999904632568,5.199999809265137
1786,4.199999809265137,3.0999999046325684
1790,3.799999952316284,3.299999952316284
1791,5.300000190734863,3.299999952316284
1827,5.599999904632568,6.699999809265137
1834,6.300000190734863,5.699999809265137
1835,5.300000190734863,3.200000047683716
1836,5.599999904632568,4.599999904632568
1841,4.599999904632568,3.0999999046325684
1842,5.800000190734863,6.300000190734863
1847,3.200000047683716,2.5999999046325684
1854,5.199999809265137,4.5
1855,5.400000095367432,6.0
1856,6.099999904632568,6.699999809265137
1886,4.099999904632568,3.0
1895,6.5,5.900000095367432
1900,6.5,6.699999809265137
1910,3.799999952316284,3.299999952316284
1913,6.0,6.5
1915,6.300000190734863,6.5
1922,5.599999904632568,5.800000190734863
1925,4.900000095367432,4.5
1935,4.699999809265137,4.400000095367432
1942,6.400000095367432,6.800000190734863
1944,6.099999904632568,5.099999904632568
1950,3.799999952316284,3.400000095367432
1957,4.800000190734863,4.800000190734863
1962,4.400000095367432,5.0
1965,3.299999952316284,3.5
1966,3.5999999046325684,5.0
1976,4.900000095367432,5.400000095367432
1977,4.699999809265137,5.199999809265137
1981,5.099999904632568,5.800000190734863
1987,6.5,6.300000190734863
2011,4.199999809265137,5.0
2012,3.1700000762939453,5.170000076293945
2029,4.170000076293945,4.0
2055,5.0,5.199999809265137
