epoch,train_loss,train_ccc_v_loss,train_ccc_a_loss,train_ce,val_rmse_v,val_rmse_a,val_ccc_v,val_ccc_a,val_pearson_v,val_pearson_a,val_quad_acc,val_pred_va_corr,val_mean_ccc,is_best
1,1.7920900300145148,0.7245771184563636,0.6840740725398063,1.278129470348358,1.0617639572702833,1.0433025611710718,0.6407306485331893,0.7122308352844107,0.6496270298957825,0.722461462020874,0.6051660516605166,0.9997830986976624,0.6764807419087999,True
2,0.9130074679851532,0.33169773817062376,0.2864339351654053,0.9829192474484444,0.9025589657380085,0.814332985193077,0.6833840901287705,0.776099933441247,0.6868832111358643,0.7781299948692322,0.6346863468634686,0.9988855719566345,0.7297420117850087,True
3,0.8527569934725762,0.3157365217804909,0.2614666596055031,0.9185126557946205,0.9023375407744292,0.8056978715680765,0.6940591744733409,0.7867592196237099,0.6955046653747559,0.7885552048683167,0.6309963099630996,0.9978886842727661,0.7404091970485254,True
4,0.8218028008937835,0.29704957604408266,0.25799192786216735,0.8892043188214303,0.8980885698844782,0.7874569941691184,0.6965861457228852,0.7931175604798991,0.7015765905380249,0.7952433824539185,0.6383763837638377,0.99405437707901,0.7448518531013921,True
5,0.7958561211824418,0.2879188805818558,0.24424335211515427,0.8789795845746994,0.9026244416392973,0.7909584307303207,0.7033000826061163,0.8027917751093313,0.7078009843826294,0.8028073906898499,0.6494464944649446,0.9894492626190186,0.7530459288577238,True
6,0.7957843497395516,0.28447365164756777,0.24795733839273454,0.8778444990515709,0.8755207896114401,0.7950000771336548,0.7120100657735294,0.7963975225239837,0.7165539264678955,0.8003390431404114,0.6457564575645757,0.9778463244438171,0.7542037941487565,True
7,0.7654740184545517,0.2679697021842003,0.23952872455120086,0.8599186167120934,0.8949943909389401,0.8285016337017742,0.7064118312698668,0.785583213388732,0.723738431930542,0.806255578994751,0.6383763837638377,0.9681152105331421,0.7459975223292994,False
8,0.7397186025977135,0.2526368126273155,0.23211517184972763,0.849888700246811,0.8666962271625306,0.7700057140361264,0.722862098842684,0.8053979819692484,0.7243481874465942,0.8062490820884705,0.6531365313653137,0.9451448917388916,0.7641300404059662,True
9,0.7430924475193024,0.2551174134016037,0.23579321205615997,0.8406060501933098,0.8397877164378877,0.7840099032151226,0.7232022153020298,0.803679093444249,0.7298054099082947,0.8090800046920776,0.6568265682656826,0.9372584223747253,0.7634406543731393,False
10,0.7172932766377926,0.2532295882701874,0.21436475217342377,0.8323297455906868,0.859686153609103,0.7716314248083734,0.7278889668403487,0.809427800210356,0.7320624589920044,0.8163816332817078,0.6420664206642066,0.9250437021255493,0.7686583835253523,True
11,0.6995756149291992,0.24468607008457183,0.2129737213253975,0.8063860341906548,0.841031534245571,0.7621197549727994,0.7346951727380385,0.8127536188856312,0.7367039322853088,0.814500629901886,0.6642066420664207,0.9149332642555237,0.7737243958118349,True
12,0.680333887040615,0.2360110342502594,0.20576104074716567,0.7952060237526893,0.8264256441578125,0.741451942957234,0.7340194109698902,0.8195103434059229,0.738073468208313,0.8217210173606873,0.6605166051660517,0.8969755172729492,0.7767648771879065,True
13,0.6887738905847073,0.24278460592031478,0.20764169842004776,0.7944919422268868,0.8323089422757338,0.7103146769754167,0.73192945775501,0.8226128202089743,0.7392902970314026,0.8280354738235474,0.6826568265682657,0.867517352104187,0.7772711389819922,True
14,0.6681805595755577,0.22796247750520707,0.205710831284523,0.7816908016800881,0.8178428895556683,0.7337341353018956,0.7313016332743637,0.8212348981923949,0.7388986349105835,0.8265335559844971,0.6715867158671587,0.8667535781860352,0.7762682657333793,False
15,0.6402004562318325,0.2128190889954567,0.19711794257164,0.7675447314977646,0.8220268138308265,0.7301015083727939,0.73838891946827,0.8233664078200683,0.7418922781944275,0.8249862790107727,0.6715867158671587,0.8524118065834045,0.7808776636441692,True
16,0.6440762467682362,0.22138957381248475,0.19644359797239302,0.7541435532271862,0.8387836596788788,0.7712686357766111,0.7435057929867154,0.8214097620332116,0.7440582513809204,0.8233569264411926,0.6826568265682657,0.8574486374855042,0.7824577775099635,True
17,0.6352063216269016,0.2193312719464302,0.18965963423252105,0.7540513530373574,0.8465763367753891,0.7631888264325972,0.7411196251894555,0.8254745785296123,0.7419614195823669,0.8265829086303711,0.6789667896678967,0.8541582822799683,0.7832971018595338,True
18,0.6137838408350944,0.21686735600233079,0.17797843664884566,0.729793445020914,0.8458472078497701,0.7486041112543819,0.733336420254064,0.8194526518958369,0.7430084943771362,0.8294756412506104,0.6752767527675276,0.8299558162689209,0.7763945360749505,False
19,0.6350988477468491,0.2215752959251404,0.19194938540458678,0.7385805264115334,0.8369565082767599,0.7594440240454966,0.7429684238673725,0.8228922984494396,0.7444174289703369,0.8253983855247498,0.6826568265682657,0.8409085869789124,0.782930361158406,False
20,0.6168226093053818,0.210139724612236,0.1861099973320961,0.7352429263293743,0.8632212829475346,0.738876748483235,0.7403687186639224,0.8250250792061612,0.742743730545044,0.8254880905151367,0.6974169741697417,0.8267328143119812,0.7826968989350418,False
21,0.601258423179388,0.21072718352079392,0.18007522076368332,0.7015200324356556,0.8387761627301086,0.7364067622522312,0.7360301802756412,0.8273141331311371,0.7373481392860413,0.8283041715621948,0.6752767527675276,0.8236275315284729,0.7816721567033891,False
22,0.5822975061833858,0.20703498423099517,0.1649888500571251,0.7009122252464295,0.8494647725139204,0.7281449425712716,0.7445810434237577,0.8282583072632779,0.7445860505104065,0.8285633325576782,0.6752767527675276,0.7961137294769287,0.7864196753435178,True
23,0.6129947446286679,0.21812910586595535,0.18033522963523865,0.7151013486087322,0.844657410012667,0.7461392054267199,0.7418258393153982,0.8240101833138689,0.7426431179046631,0.8240485191345215,0.6568265682656826,0.8204030990600586,0.7829180113146336,False
24,0.5848829686641693,0.2025524616241455,0.17303800880908965,0.6976416237652302,0.8302127504570279,0.7325891736012975,0.7450228297171363,0.8214841045394761,0.7462708950042725,0.8262626528739929,0.6863468634686347,0.8021101355552673,0.7832534671283062,False
25,0.596504657715559,0.2061037987470627,0.17996870577335358,0.7014404773712158,0.8721349335550767,0.7535907698004267,0.7357949051847433,0.8187801170178459,0.7362139821052551,0.8273943662643433,0.6642066420664207,0.827166736125946,0.7772875111012947,False
26,0.5710278533399105,0.20073871910572053,0.1626541256904602,0.6921166628599167,0.8276725468715379,0.7344294994503784,0.7351253457846422,0.8228292937714731,0.742378830909729,0.8271602392196655,0.6789667896678967,0.79197096824646,0.7789773197780576,False
27,0.561957149207592,0.19752234369516372,0.1615114390850067,0.6764111988246441,0.8491910408784549,0.7200514165083066,0.7374303485072548,0.8190841106097821,0.7392970323562622,0.8268857002258301,0.6900369003690037,0.7970138788223267,0.7782572295585184,False
28,0.5544203035533428,0.18745213896036148,0.1643238678574562,0.6754809767007828,0.8381151729863876,0.7422262081291751,0.7322435316215019,0.8263007429033045,0.7394943237304688,0.8313881158828735,0.6715867158671587,0.794486939907074,0.7792721372624032,False
29,0.5246341116726398,0.17802363634109497,0.15456915497779847,0.6401377134025097,0.8323918667006849,0.7371571374246081,0.7344878199435789,0.8218684591624321,0.7386234402656555,0.8280770778656006,0.6826568265682657,0.7749783396720886,0.7781781395530055,False
30,0.5159874707460403,0.17658266425132751,0.14805347025394439,0.6378377676010132,0.8399971755298177,0.74905578463858,0.7392680320827517,0.8275418753082452,0.7399499416351318,0.8294593691825867,0.6974169741697417,0.7908610105514526,0.7834049536954985,False
31,0.5138118103146553,0.17637541890144348,0.1486516073346138,0.6292826004326344,0.8393206364459339,0.7307962101809363,0.7308942698456684,0.8249113684425956,0.7393669486045837,0.8273844122886658,0.6900369003690037,0.7728674411773682,0.777902819144132,False
32,0.5075653836131095,0.17473450750112535,0.1468804031610489,0.619834890961647,0.841502658205146,0.7351821359745014,0.7419326892325807,0.8238720698368885,0.7422003149986267,0.8250937461853027,0.6900369003690037,0.7742005586624146,0.7829023795347346,False
33,0.49886146411299703,0.1701666682958603,0.14639006704092025,0.6076824091374874,0.850672860855712,0.7433359596465491,0.7409883623647757,0.8269156677488493,0.741280198097229,0.8272566795349121,0.7011070110701108,0.7889581322669983,0.7839520150568124,False
34,0.5097844377160072,0.17340316772460937,0.1495624378323555,0.6227293998003006,0.8252663124734955,0.7420292334208877,0.7363947287268763,0.8191730730211322,0.7399057745933533,0.8265474438667297,0.6900369003690037,0.7643149495124817,0.7777839008740042,False
35,0.49791339561343195,0.1767432436347008,0.14073026329278945,0.6014662824571133,0.8452988290298241,0.7362832781746469,0.7367586825161735,0.8248873547322478,0.7408092021942139,0.8251468539237976,0.6937269372693727,0.7733631730079651,0.7808230186242107,False
36,0.49043946638703345,0.16662105321884155,0.1409413680434227,0.6095901273190976,0.8437587596297322,0.7393361784545164,0.7397076584902411,0.8246050500956135,0.7416824102401733,0.8266112208366394,0.7011070110701108,0.7846125960350037,0.7821563542929273,False
37,0.49404693990945814,0.1742291510105133,0.13786730021238328,0.6065015949308872,0.8325807431446428,0.7313211129325798,0.738647016358894,0.8247561903971172,0.7400659322738647,0.8261634111404419,0.7011070110701108,0.7649667859077454,0.7817016033780055,False
