song_id,split
1078,train
1814,train
884,train
1365,train
1660,train
1104,train
1035,train
1731,train
554,train
1059,train
607,train
672,train
1134,train
525,train
374,train
1477,train
1075,train
1707,train
800,train
1362,train
682,train
1028,train
1874,train
1928,train
480,train
1876,train
224,train
1091,train
1901,train
889,train
1862,train
202,train
1318,train
740,train
1485,train
1452,train
1592,train
1401,train
428,train
1207,train
1329,train
1056,train
638,train
631,train
931,train
688,train
1673,train
1649,train
269,train
1190,train
1830,train
1163,train
2031,train
365,train
169,train
1601,train
1729,train
208,train
2041,train
1175,train
949,train
1453,train
1460,train
498,train
810,train
1330,train
207,train
1136,train
667,train
1397,train
1811,train
1013,train
321,train
1689,train
671,train
791,train
379,train
294,train
1946,train
1903,train
2005,train
1645,train
2046,train
350,train
1695,train
1332,train
996,train
310,train
1840,train
2013,train
2053,train
691,train
756,train
1131,train
1764,train
1194,train
524,train
1147,train
1275,train
704,train
288,train
192,train
1271,train
767,train
1703,train
1789,train
1680,train
1487,train
945,train
1515,train
830,train
1768,train
1457,train
1727,train
1042,train
1449,train
1581,train
1142,train
902,train
109,train
355,train
1896,train
1049,train
1908,train
105,train
104,train
1984,train
959,train
1640,train
1564,train
1868,train
1833,train
1796,train
926,train
461,train
107,train
397,train
1259,train
512,train
1676,train
1416,train
1204,train
742,train
1579,train
1930,train
1360,train
1616,train
1398,train
942,train
191,train
46,train
1241,train
1617,train
1443,train
306,train
1802,train
873,train
265,train
1672,train
381,train
855,train
1199,train
928,train
496,train
646,train
395,train
898,train
199,train
2017,train
1573,train
420,train
1391,train
1663,train
1022,train
1778,train
188,train
237,train
257,train
238,train
31,train
1527,train
190,train
1029,train
68,train
2003,train
1161,train
1763,train
315,train
1866,train
1899,train
43,train
453,train
1038,train
95,train
1206,train
540,train
1898,train
1561,train
1798,train
520,train
1268,train
1681,train
1512,train
1484,train
1829,train
649,train
863,train
703,train
565,train
987,train
1959,train
101,train
367,train
808,train
1228,train
1314,train
1010,train
186,train
455,train
1304,train
2043,train
1921,train
450,train
799,train
1014,train
1331,train
1892,train
530,train
81,train
1426,train
209,train
1188,train
1939,train
854,train
523,train
723,train
217,train
1651,train
161,train
399,train
625,train
776,train
869,train
1345,train
668,train
503,train
1693,train
1045,train
1598,train
913,train
437,train
127,train
1794,train
1074,train
1602,train
1799,train
131,train
1904,train
2019,train
970,train
845,train
270,train
1490,train
1738,train
1517,train
1030,train
1108,train
1648,train
645,train
278,train
1379,train
106,train
1474,train
1371,train
309,train
1488,train
1183,train
789,train
1804,train
813,train
506,train
1788,train
1754,train
1216,train
600,train
1795,train
1853,train
70,train
1256,train
1063,train
1951,train
1344,train
13,train
1519,train
1122,train
232,train
1509,train
386,train
1260,train
1985,train
213,train
142,train
1378,train
1940,train
1202,train
118,train
1553,train
1658,train
1341,train
1399,train
1643,train
558,train
1375,train
1286,train
1430,train
1510,train
1971,train
339,train
154,train
448,train
1210,train
1542,train
1347,train
425,train
293,train
1480,train
4,train
1793,train
1562,train
354,train
1767,train
1883,train
1755,train
1831,train
383,train
1821,train
194,train
167,train
86,train
380,train
93,train
1388,train
110,train
116,train
1257,train
664,train
153,train
1145,train
580,train
1970,train
709,train
1115,train
85,train
1254,train
836,train
77,train
1153,train
1938,train
787,train
24,train
684,train
1749,train
1466,train
1412,train
960,train
1085,train
769,train
1999,train
1465,train
250,train
986,train
308,train
1355,train
129,train
1520,train
1728,train
700,train
1358,train
122,train
1837,train
1832,train
1964,train
1610,train
50,train
1305,train
266,train
1064,train
128,train
1377,train
1439,train
375,train
1468,train
133,train
1476,train
35,train
880,train
1019,train
615,train
1138,train
1067,train
346,train
702,train
212,train
1290,train
297,train
644,train
730,train
427,train
1576,train
1955,train
1701,train
773,train
1956,train
17,train
1858,train
989,train
366,train
564,train
2028,train
1494,train
1234,train
1242,train
798,train
300,train
1297,train
656,train
1992,train
203,train
1531,train
273,train
1422,train
1167,train
1692,train
280,train
136,train
1823,train
1709,train
88,train
527,train
242,train
1420,train
1291,train
1489,train
647,train
1704,train
856,train
248,train
362,train
1839,train
1334,train
1558,train
1325,train
166,train
10,train
221,train
1717,train
123,train
125,train
729,train
1936,train
1988,train
430,train
1507,train
1300,train
1279,train
500,train
623,train
1933,train
1491,train
1803,train
1459,train
1685,train
460,train
1156,train
1699,train
1652,train
264,train
952,train
1762,train
614,train
1417,train
890,train
745,train
675,train
910,train
1293,train
1844,train
1937,train
1164,train
1231,train
1859,train
1596,train
1931,train
1637,train
173,train
1894,train
332,train
781,train
1221,train
1478,train
689,train
979,train
1492,train
1557,train
1267,train
1376,train
1123,train
748,train
1093,train
1713,train
1369,train
1621,train
307,train
370,train
643,train
1402,train
750,train
1185,train
1461,train
1225,train
650,train
1604,train
206,train
2018,train
1046,train
1353,train
1496,train
276,train
621,train
585,train
1574,train
1609,train
1132,train
833,train
469,train
925,train
41,train
1349,train
758,train
1024,train
285,train
1220,train
1109,train
177,train
1877,train
1098,train
449,train
1599,train
1482,train
1824,train
775,train
1578,train
676,train
168,train
2000,train
1335,train
1125,train
956,train
1433,train
1809,train
67,train
1143,train
692,train
1502,train
1722,train
1100,train
65,train
1968,train
1326,train
1528,train
1105,train
1262,train
1857,train
2050,train
1893,train
994,train
440,train
1263,train
1002,train
335,train
1891,train
349,train
518,train
2016,train
330,train
328,train
1591,train
1552,train
1613,train
1659,train
561,train
1237,train
522,train
1178,train
611,train
1544,train
1396,train
1905,train
1389,train
1607,train
1170,train
973,train
401,train
1303,train
1174,train
2027,train
1889,train
991,train
1068,train
882,train
749,train
939,train
1373,train
1458,train
1408,train
1600,train
648,train
1418,train
441,train
1924,train
1431,train
1114,train
1633,train
782,train
71,train
1664,train
205,train
82,train
163,train
55,train
492,train
714,train
54,train
1076,train
281,train
229,train
185,train
2037,train
938,train
478,train
138,train
819,train
1223,train
62,train
734,train
171,train
189,train
574,train
12,train
2035,train
1990,train
735,train
1575,train
1547,train
1852,train
825,train
1000,train
1871,train
504,train
1982,train
2048,train
1298,train
1975,train
5,train
1726,train
1394,train
1356,train
47,train
1587,train
860,train
1797,train
874,train
484,train
1792,train
499,train
859,train
1363,train
537,train
1037,train
360,train
1952,train
1887,train
1171,train
298,train
1479,train
2039,train
1112,train
1718,train
1686,train
1714,train
579,train
535,train
1450,train
1960,train
1372,train
1869,train
1745,train
376,train
1118,train
1846,train
1759,train
1436,train
1782,train
1549,train
1989,train
1445,train
1671,train
415,train
1456,train
1590,train
1319,train
610,train
715,train
1385,train
102,train
1920,train
1017,train
1560,train
436,train
2051,train
1828,train
1021,train
1018,train
1732,train
1880,train
1432,train
1337,train
356,train
1001,train
1571,train
1636,train
1095,train
653,train
320,train
357,train
921,train
48,train
1425,train
1209,train
1780,train
1916,train
384,train
2026,train
1168,train
1213,train
893,train
1219,train
175,train
419,train
1529,train
560,train
1226,train
1438,train
89,train
612,train
1546,train
1065,train
616,train
1390,train
718,train
1622,train
738,train
1674,train
598,train
318,train
891,train
1087,train
336,train
1644,train
2022,train
1679,train
408,train
686,train
1150,train
156,train
904,train
1181,train
2004,train
1625,train
1462,train
1849,train
179,train
1678,train
342,train
53,train
1642,train
134,train
784,train
187,train
797,train
1766,train
1947,train
1723,train
1239,train
1475,train
1733,train
1099,train
1350,train
1805,train
1566,train
1758,train
1009,train
1395,train
1815,train
962,train
1324,train
2058,train
25,train
159,train
1540,train
98,train
111,train
1948,train
444,train
1567,train
864,train
993,train
640,train
1287,train
2033,train
1801,train
1961,train
876,train
282,train
1734,train
1863,train
119,train
1751,train
2025,train
1902,train
1187,train
1447,train
1884,train
74,train
1400,train
2001,train
155,train
2047,train
176,train
1077,train
1090,train
1261,train
2024,train
1623,train
1407,train
1211,train
20,train
584,train
826,train
40,train
711,train
1012,train
932,train
1634,train
1444,train
779,train
1632,train
736,train
204,train
2010,train
514,train
490,train
1706,train
144,train
592,train
1302,train
292,train
1870,train
1646,train
1264,train
1972,train
550,train
1879,train
1089,train
632,train
431,train
1454,train
393,train
865,train
1530,train
1825,train
145,train
1878,train
1107,train
1568,train
1744,train
137,train
1359,train
58,train
1656,train
513,train
1424,train
687,train
1631,train
1080,train
210,train
301,train
135,train
473,train
8,train
1923,train
1998,train
1585,train
1427,train
1914,train
1189,train
1162,train
780,train
1978,train
333,train
1820,train
820,train
1867,train
609,train
324,train
1368,train
1315,train
196,train
51,train
594,train
1224,train
372,train
435,train
279,train
1270,train
743,train
1918,train
343,train
1119,train
1655,train
405,train
1102,train
1584,train
1550,train
83,train
1875,train
426,train
1071,train
1280,train
241,train
1025,train
722,train
1996,train
1039,train
1016,train
721,train
1580,train
1084,train
327,train
2,train
1572,train
1504,train
1322,train
1997,train
1421,train
1137,train
1783,train
1235,train
1980,train
387,train
2042,train
103,train
1276,train
311,train
1340,train
746,train
617,train
1819,train
1851,train
1157,train
1545,train
60,train
1346,train
2049,train
1253,train
303,train
1034,train
1536,train
536,train
1058,train
1299,train
1583,train
1272,train
1384,train
1121,train
1953,train
1179,train
1007,train
226,train
2009,train
1715,train
1712,train
1367,train
731,train
866,train
1787,train
1973,train
674,train
1595,train
1370,train
555,train
80,train
708,train
391,train
763,train
1702,train
622,train
44,train
1288,train
1133,train
1775,train
91,train
1423,train
1565,train
195,train
2040,train
1881,train
577,train
1615,train
334,train
1144,train
665,train
1469,train
90,train
1926,train
1011,train
1963,train
181,train
1760,train
1173,train
681,train
794,train
494,train
1483,train
1200,train
897,train
1050,train
2030,train
456,train
225,train
1747,train
1932,train
1129,train
801,train
1486,train
1995,train
1435,train
737,train
1222,train
980,train
462,train
1041,train
364,train
422,train
1141,train
1907,train
707,train
1055,train
274,train
1725,train
1281,train
620,train
7,train
2007,train
218,train
1312,train
378,train
1826,train
1865,train
1917,train
150,train
1248,train
403,train
1159,train
1650,train
1808,train
1860,train
1974,train
1890,train
1979,train
1094,train
805,train
961,train
1403,train
1503,train
1618,train
410,train
1103,train
1873,train
143,train
489,train
115,train
313,train
1057,train
223,train
886,train
728,train
1605,train
637,train
18,train
112,train
1374,train
1730,train
1354,train
1818,train
299,train
823,train
1191,train
114,train
2014,train
338,train
547,train
1306,train
744,train
1448,train
1522,train
1533,train
693,train
2032,train
1986,train
1559,train
1525,train
713,train
1236,train
1954,train
157,train
1885,train
699,train
361,train
432,train
1201,train
211,train
1969,train
244,train
719,train
126,train
1983,train
108,train
146,train
1909,train
1929,train
1569,train
1614,train
1246,train
2036,train
657,train
1266,train
1912,train
1203,train
988,train
1283,train
32,train
1406,train
1434,train
214,train
467,train
1470,train
1245,train
1776,train
1126,train
1169,train
2002,train
1471,train
924,train
858,train
416,train
1467,train
852,train
1027,train
1943,train
1516,train
879,train
73,train
1526,train
1949,train
316,train
488,train
352,train
1593,train
1351,train
201,train
92,train
1800,train
79,train
1149,train
990,train
1307,train
2023,train
216,train
162,train
1184,train
1139,train
957,train
341,train
1843,train
344,train
2008,train
1822,train
1015,train
392,train
1661,train
322,train
2034,train
72,train
1570,train
844,train
1160,train
172,train
49,train
233,train
1698,train
1750,train
1284,train
1690,train
1197,train
1151,train
606,train
1945,train
818,train
182,train
814,train
1069,train
1130,train
1608,train
1364,train
1294,train
1817,train
1073,train
867,train
1967,train
479,train
1919,train
829,train
757,train
1289,train
2015,train
96,train
556,train
1251,train
170,train
706,train
806,train
1442,train
1338,train
407,train
764,train
451,train
635,train
2020,train
1392,train
402,train
582,train
1934,train
1635,train
1872,train
1535,train
1292,train
254,train
1588,train
1861,train
429,train
245,val
1740,val
1172,val
1193,val
1195,val
180,val
1182,val
1317,val
1813,val
485,val
130,val
497,val
1506,val
1761,val
1781,val
1177,val
662,val
1710,val
501,val
1711,val
521,val
1255,val
1746,val
1414,val
1508,val
463,val
78,val
1006,val
305,val
1771,val
1040,val
1597,val
1218,val
262,val
120,val
1327,val
1630,val
1534,val
690,val
732,val
1582,val
247,val
178,val
831,val
353,val
423,val
1124,val
695,val
148,val
1906,val
1806,val
733,val
1429,val
995,val
977,val
359,val
1720,val
1320,val
1641,val
1180,val
1309,val
519,val
944,val
1724,val
1205,val
1677,val
215,val
1721,val
317,val
1081,val
1911,val
2044,val
1748,val
184,val
442,val
654,val
1079,val
1669,val
591,val
260,val
634,val
887,val
1258,val
958,val
1165,val
1888,val
1897,val
2038,val
807,val
290,val
974,val
1043,val
696,val
1700,val
915,val
158,val
1500,val
964,val
1053,val
1493,val
1244,val
19,val
358,val
1044,val
1233,val
710,val
84,val
660,val
1082,val
663,val
515,val
1240,val
1116,val
652,val
985,val
1810,val
1993,val
272,val
1848,val
1501,val
348,val
1250,val
454,val
1192,val
1382,val
908,val
1816,val
1054,val
1603,val
1537,val
1152,val
1769,val
1428,val
45,val
1003,val
712,val
666,val
1812,val
64,val
312,val
1577,val
404,val
1497,val
1357,val
1688,val
1066,val
967,val
685,val
286,val
1675,val
608,val
1230,val
1413,val
1784,val
99,val
2057,val
697,val
2054,val
1196,val
227,val
1310,val
1227,val
1070,val
1556,val
1455,val
1773,val
246,val
1991,val
1499,val
1737,val
1405,val
976,val
954,val
1083,val
892,val
1415,val
1311,val
1994,val
1296,val
1705,val
1243,val
1774,val
1555,val
1927,val
1684,val
1882,val
1541,val
1381,val
2006,val
1158,val
1249,val
1518,val
1146,val
69,val
747,val
1864,val
42,val
368,val
325,val
1166,val
544,val
834,val
1543,val
1247,val
304,val
1697,val
872,val
1106,val
228,val
149,val
284,val
1342,val
76,val
629,val
1619,val
1463,val
811,val
2052,val
1612,val
472,val
1215,val
2056,val
1586,val
1101,val
1941,val
1845,val
568,val
795,val
1446,val
804,val
1538,val
56,val
314,val
911,val
1838,val
2045,val
1743,val
1473,val
2021,val
1198,val
481,val
1265,val
1060,val
323,val
1638,val
857,val
243,val
981,val
1348,val
1850,val
529,val
1047,val
741,val
997,val
1627,val
1807,val
1086,val
1176,val
1682,val
502,val
197,val
1323,val
1031,val
1662,val
1110,val
1336,val
1155,val
452,val
445,val
1958,val
1096,val
1629,test
597,test
1606,test
219,test
1404,test
1481,test
790,test
174,test
1008,test
1791,test
1238,test
231,test
1140,test
329,test
345,test
1900,test
486,test
152,test
1464,test
236,test
1719,test
1092,test
296,test
1696,test
1966,test
1950,test
1410,test
1683,test
464,test
1976,test
1111,test
258,test
839,test
3,test
140,test
934,test
1977,test
1208,test
1835,test
1667,test
1666,test
1790,test
1548,test
1886,test
551,test
1777,test
1393,test
1513,test
1935,test
1654,test
871,test
1910,test
1514,test
1856,test
371,test
851,test
1691,test
1736,test
955,test
1639,test
1539,test
1229,test
815,test
824,test
1563,test
1657,test
1665,test
1505,test
2012,test
1511,test
1753,test
1628,test
1786,test
1611,test
1987,test
1965,test
1922,test
1052,test
846,test
1269,test
1913,test
717,test
899,test
739,test
1366,test
1523,test
1440,test
677,test
1316,test
698,test
1451,test
1005,test
1925,test
1687,test
628,test
121,test
1277,test
725,test
1521,test
999,test
1120,test
1855,test
1741,test
1148,test
1834,test
1295,test
240,test
477,test
1051,test
1127,test
482,test
1023,test
1915,test
1498,test
1285,test
841,test
1957,test
796,test
1217,test
1827,test
978,test
903,test
124,test
1061,test
1854,test
493,test
651,test
1328,test
1313,test
1186,test
1036,test
234,test
164,test
1308,test
59,test
1274,test
275,test
1770,test
458,test
340,test
507,test
475,test
759,test
1779,test
1419,test
1343,test
1752,test
850,test
1409,test
1624,test
673,test
87,test
22,test
1437,test
1321,test
639,test
459,test
220,test
1020,test
253,test
1048,test
1333,test
1135,test
400,test
968,test
347,test
1273,test
1532,test
1742,test
581,test
2055,test
1072,test
319,test
1252,test
235,test
193,test
1836,test
983,test
487,test
941,test
1757,test
1386,test
727,test
1670,test
1278,test
1282,test
1668,test
1842,test
1361,test
239,test
52,test
1032,test
658,test
1708,test
1735,test
2029,test
1647,test
117,test
1620,test
1154,test
726,test
1626,test
1033,test
289,test
21,test
369,test
777,test
468,test
1554,test
198,test
1097,test
37,test
848,test
1765,test
1411,test
1785,test
1088,test
1524,test
1847,test
724,test
2011,test
909,test
1214,test
222,test
1232,test
936,test
1756,test
1962,test
661,test
1339,test
613,test
1841,test
1113,test
1004,test
302,test
39,test
1594,test
586,test
1441,test
326,test
1212,test
1472,test
466,test
1062,test
1694,test
1772,test
406,test
1026,test
1589,test
1942,test
160,test
1944,test
1128,test
1380,test
1653,test
113,test
1739,test
390,test
1495,test
605,test
151,test
1895,test
1301,test
1981,test
1352,test
1387,test
1551,test
1117,test
1716,test
1383,test
