sample_id,song_name,split,true_valence,pred_valence,true_arousal,pred_arousal,valence_error,arousal_error,human_mean_valence,human_mean_arousal
3,song_3,test,3.5,4.296859264373779,3.299999952316284,4.291049957275391,0.7968592643737793,0.9910500049591064,3.5,3.299999952316284
21,song_21,test,6.599999904632568,5.084125518798828,6.300000190734863,5.164488792419434,-1.5158743858337402,-1.1355113983154297,6.599999904632568,6.300000190734863
22,song_22,test,4.0,4.737388610839844,4.800000190734863,4.650334358215332,0.7373886108398438,-0.14966583251953125,4.0,4.800000190734863
37,song_37,test,6.599999904632568,5.489955902099609,5.300000190734863,5.607675552368164,-1.110044002532959,0.3076753616333008,6.599999904632568,5.300000190734863
39,song_39,test,7.300000190734863,6.123959064483643,5.400000095367432,6.247200965881348,-1.1760411262512207,0.847200870513916,7.300000190734863,5.400000095367432
52,song_52,test,4.599999904632568,5.364593982696533,5.099999904632568,5.398780345916748,0.7645940780639648,0.2987804412841797,4.599999904632568,5.099999904632568
59,song_59,test,5.300000190734863,5.362875938415527,4.099999904632568,5.4121270179748535,0.06287574768066406,1.3121271133422852,5.300000190734863,4.099999904632568
87,song_87,test,5.300000190734863,4.4358391761779785,2.5999999046325684,4.321113586425781,-0.8641610145568848,1.721113681793213,5.300000190734863,2.5999999046325684
113,song_113,test,5.400000095367432,5.21729040145874,3.799999952316284,5.285373687744141,-0.1827096939086914,1.4853737354278564,5.400000095367432,3.799999952316284
117,song_117,test,3.9000000953674316,4.832786560058594,5.0,4.776696681976318,0.9327864646911621,-0.22330331802368164,3.9000000953674316,5.0
121,song_121,test,3.0999999046325684,4.825289726257324,3.9000000953674316,4.8479766845703125,1.7252898216247559,0.9479765892028809,3.0999999046325684,3.9000000953674316
124,song_124,test,3.700000047683716,4.216156959533691,2.799999952316284,4.084236145019531,0.5161569118499756,1.284236192703247,3.700000047683716,2.799999952316284
140,song_140,test,4.199999809265137,4.131724834442139,4.5,4.050159931182861,-0.06827497482299805,-0.44984006881713867,4.199999809265137,4.5
151,song_151,test,4.0,3.564319372177124,4.5,3.405627489089966,-0.435680627822876,-1.0943725109100342,4.0,4.5
152,song_152,test,4.400000095367432,5.519564628601074,5.599999904632568,5.512207984924316,1.1195645332336426,-0.08779191970825195,4.400000095367432,5.599999904632568
160,song_160,test,3.5,4.365530014038086,3.5,4.440709590911865,0.8655300140380859,0.9407095909118652,3.5,3.5
164,song_164,test,4.099999904632568,3.1830413341522217,2.9000000953674316,3.0909550189971924,-0.9169585704803467,0.19095492362976074,4.099999904632568,2.9000000953674316
174,song_174,test,4.0,4.3991217613220215,3.799999952316284,4.459247589111328,0.3991217613220215,0.659247636795044,4.0,3.799999952316284
193,song_193,test,4.099999904632568,4.237887382507324,3.0,4.304407119750977,0.13788747787475586,1.3044071197509766,4.099999904632568,3.0
198,song_198,test,1.899999976158142,2.692741870880127,3.299999952316284,2.4900336265563965,0.7927418947219849,-0.8099663257598877,1.899999976158142,3.299999952316284
219,song_219,test,2.4000000953674316,3.673015832901001,3.799999952316284,3.576038360595703,1.2730157375335693,-0.22396159172058105,2.4000000953674316,3.799999952316284
220,song_220,test,4.099999904632568,4.446070671081543,3.4000000953674316,4.356658458709717,0.3460707664489746,0.9566583633422852,4.099999904632568,3.4000000953674316
222,song_222,test,3.799999952316284,4.042574882507324,4.300000190734863,3.978879451751709,0.24257493019104004,-0.3211207389831543,3.799999952316284,4.300000190734863
231,song_231,test,4.099999904632568,5.769101619720459,5.599999904632568,5.869357109069824,1.6691017150878906,0.26935720443725586,4.099999904632568,5.599999904632568
234,song_234,test,3.5,4.144058704376221,3.9000000953674316,4.083860874176025,0.6440587043762207,0.18386077880859375,3.5,3.9000000953674316
235,song_235,test,3.0,3.5660645961761475,3.700000047683716,3.623368501663208,0.5660645961761475,-0.07663154602050781,3.0,3.700000047683716
236,song_236,test,2.5,3.8681905269622803,2.4000000953674316,3.7498536109924316,1.3681905269622803,1.349853515625,2.5,2.4000000953674316
239,song_239,test,2.299999952316284,2.8817138671875,3.299999952316284,2.6359570026397705,0.5817139148712158,-0.6640429496765137,2.299999952316284,3.299999952316284
240,song_240,test,6.400000095367432,5.8928303718566895,6.599999904632568,6.138336181640625,-0.5071697235107422,-0.46166372299194336,6.400000095367432,6.599999904632568
253,song_253,test,6.599999904632568,4.913177490234375,2.5,4.990251541137695,-1.6868224143981934,2.4902515411376953,6.599999904632568,2.5
258,song_258,test,4.300000190734863,3.9831273555755615,4.300000190734863,3.9537389278411865,-0.31687283515930176,-0.34626126289367676,4.300000190734863,4.300000190734863
275,song_275,test,5.300000190734863,4.95904541015625,5.5,5.002312183380127,-0.3409547805786133,-0.49768781661987305,5.300000190734863,5.5
289,song_289,test,5.699999809265137,4.530190467834473,6.699999809265137,4.473186492919922,-1.169809341430664,-2.226813316345215,5.699999809265137,6.699999809265137
296,song_296,test,5.900000095367432,5.3128228187561035,5.699999809265137,5.349122524261475,-0.5871772766113281,-0.3508772850036621,5.900000095367432,5.699999809265137
302,song_302,test,6.599999904632568,5.060487747192383,7.0,5.160239219665527,-1.5395121574401855,-1.8397607803344727,6.599999904632568,7.0
319,song_319,test,4.5,5.075556755065918,6.599999904632568,5.092862129211426,0.575556755065918,-1.5071377754211426,4.5,6.599999904632568
326,song_326,test,5.400000095367432,5.86437463760376,7.199999809265137,5.99699592590332,0.4643745422363281,-1.2030038833618164,5.400000095367432,7.199999809265137
329,song_329,test,3.299999952316284,4.180102825164795,4.199999809265137,4.13245153427124,0.8801028728485107,-0.06754827499389648,3.299999952316284,4.199999809265137
340,song_340,test,3.799999952316284,4.830545902252197,4.599999904632568,4.7884111404418945,1.030545949935913,0.18841123580932617,3.799999952316284,4.599999904632568
345,song_345,test,7.199999809265137,5.742054462432861,6.5,5.851772308349609,-1.4579453468322754,-0.6482276916503906,7.199999809265137,6.5
347,song_347,test,3.819999933242798,4.380236625671387,5.820000171661377,4.456329345703125,0.5602366924285889,-1.363670825958252,3.819999933242798,5.820000171661377
369,song_369,test,2.9000000953674316,4.243590354919434,3.4000000953674316,4.189809322357178,1.343590259552002,0.7898092269897461,2.9000000953674316,3.4000000953674316
371,song_371,test,5.199999809265137,5.235404014587402,6.599999904632568,5.288282871246338,0.035404205322265625,-1.3117170333862305,5.199999809265137,6.599999904632568
390,song_390,test,5.699999809265137,5.569469451904297,6.199999809265137,5.684925079345703,-0.13053035736083984,-0.5150747299194336,5.699999809265137,6.199999809265137
400,song_400,test,5.099999904632568,4.880019664764404,5.599999904632568,4.793692111968994,-0.21998023986816406,-0.8063077926635742,5.099999904632568,5.599999904632568
406,song_406,test,5.300000190734863,5.064932823181152,4.300000190734863,5.143789768218994,-0.23506736755371094,0.8437895774841309,5.300000190734863,4.300000190734863
458,song_458,test,3.4000000953674316,5.825714588165283,5.0,5.85324239730835,2.4257144927978516,0.8532423973083496,3.4000000953674316,5.0
459,song_459,test,6.300000190734863,4.558658599853516,6.099999904632568,4.491930961608887,-1.7413415908813477,-1.6080689430236816,6.300000190734863,6.099999904632568
464,song_464,test,5.099999904632568,5.226531982421875,5.599999904632568,5.148831844329834,0.12653207778930664,-0.4511680603027344,5.099999904632568,5.599999904632568
466,song_466,test,6.599999904632568,5.997438907623291,5.900000095367432,6.120481491088867,-0.6025609970092773,0.22048139572143555,6.599999904632568,5.900000095367432
468,song_468,test,3.5999999046325684,4.008651256561279,3.4000000953674316,3.842334270477295,0.40865135192871094,0.4423341751098633,3.5999999046325684,3.4000000953674316
475,song_475,test,5.599999904632568,5.600825309753418,5.0,5.619179725646973,0.0008254051208496094,0.6191797256469727,5.599999904632568,5.0
477,song_477,test,7.099999904632568,7.308404922485352,7.199999809265137,7.516757011413574,0.2084050178527832,0.3167572021484375,7.099999904632568,7.199999809265137
482,song_482,test,1.899999976158142,3.2122457027435303,3.5,3.1243200302124023,1.3122457265853882,-0.37567996978759766,1.899999976158142,3.5
486,song_486,test,6.199999809265137,4.963775634765625,5.699999809265137,4.947757244110107,-1.2362241744995117,-0.7522425651550293,6.199999809265137,5.699999809265137
487,song_487,test,4.5,5.278264999389648,5.300000190734863,5.266327381134033,0.7782649993896484,-0.03367280960083008,4.5,5.300000190734863
493,song_493,test,3.700000047683716,4.844001770019531,4.900000095367432,4.771578311920166,1.1440017223358154,-0.12842178344726562,3.700000047683716,4.900000095367432
507,song_507,test,4.900000095367432,4.963706970214844,4.800000190734863,4.947350025177002,0.06370687484741211,0.14734983444213867,4.900000095367432,4.800000190734863
551,song_551,test,3.200000047683716,4.705332279205322,4.0,4.710797309875488,1.5053322315216064,0.7107973098754883,3.200000047683716,4.0
581,song_581,test,5.300000190734863,5.468767166137695,6.0,5.561165809631348,0.16876697540283203,-0.43883419036865234,5.300000190734863,6.0
586,song_586,test,5.199999809265137,5.384388446807861,5.900000095367432,5.341085910797119,0.1843886375427246,-0.5589141845703125,5.199999809265137,5.900000095367432
597,song_597,test,4.800000190734863,4.88644552230835,6.400000095367432,4.894711017608643,0.08644533157348633,-1.505289077758789,4.800000190734863,6.400000095367432
605,song_605,test,4.400000095367432,5.123940944671631,6.0,5.074273586273193,0.7239408493041992,-0.9257264137268066,4.400000095367432,6.0
613,song_613,test,5.199999809265137,4.479420185089111,6.800000190734863,4.550584316253662,-0.7205796241760254,-2.249415874481201,5.199999809265137,6.800000190734863
628,song_628,test,4.900000095367432,5.665072441101074,6.800000190734863,5.606193542480469,0.7650723457336426,-1.1938066482543945,4.900000095367432,6.800000190734863
639,song_639,test,6.099999904632568,5.695610046386719,6.300000190734863,5.777180194854736,-0.4043898582458496,-0.522819995880127,6.099999904632568,6.300000190734863
651,song_651,test,6.400000095367432,6.092621326446533,7.099999904632568,6.214606285095215,-0.30737876892089844,-0.8853936195373535,6.400000095367432,7.099999904632568
658,song_658,test,4.400000095367432,4.6140360832214355,5.699999809265137,4.522365570068359,0.2140359878540039,-1.1776342391967773,4.400000095367432,5.699999809265137
661,song_661,test,2.200000047683716,3.949727773666382,2.799999952316284,3.9028851985931396,1.749727725982666,1.1028852462768555,2.200000047683716,2.799999952316284
673,song_673,test,6.599999904632568,6.333209037780762,6.699999809265137,6.525938034057617,-0.26679086685180664,-0.17406177520751953,6.599999904632568,6.699999809265137
677,song_677,test,6.5,5.8859968185424805,5.300000190734863,6.0352067947387695,-0.6140031814575195,0.7352066040039062,6.5,5.300000190734863
698,song_698,test,3.9000000953674316,4.354230880737305,3.700000047683716,4.287996292114258,0.45423078536987305,0.587996244430542,3.9000000953674316,3.700000047683716
717,song_717,test,4.5,4.694393634796143,4.900000095367432,4.658280849456787,0.19439363479614258,-0.24171924591064453,4.5,4.900000095367432
724,song_724,test,6.0,5.934662342071533,6.099999904632568,6.029473781585693,-0.0653376579284668,-0.070526123046875,6.0,6.099999904632568
725,song_725,test,5.099999904632568,5.42611837387085,5.099999904632568,5.4854865074157715,0.32611846923828125,0.3854866027832031,5.099999904632568,5.099999904632568
726,song_726,test,7.0,4.985284328460693,3.5999999046325684,4.959758758544922,-2.0147156715393066,1.3597588539123535,7.0,3.5999999046325684
727,song_727,test,4.300000190734863,3.8925819396972656,4.5,3.712369680404663,-0.40741825103759766,-0.7876303195953369,4.300000190734863,4.5
739,song_739,test,6.199999809265137,5.748862266540527,6.900000095367432,5.839788436889648,-0.4511375427246094,-1.0602116584777832,6.199999809265137,6.900000095367432
759,song_759,test,6.699999809265137,5.570775032043457,5.900000095367432,5.718780040740967,-1.1292247772216797,-0.18122005462646484,6.699999809265137,5.900000095367432
777,song_777,test,6.199999809265137,5.565722942352295,5.099999904632568,5.571871757507324,-0.6342768669128418,0.47187185287475586,6.199999809265137,5.099999904632568
790,song_790,test,7.199999809265137,5.724477767944336,5.400000095367432,5.854702472686768,-1.4755220413208008,0.45470237731933594,7.199999809265137,5.400000095367432
796,song_796,test,5.199999809265137,5.214550018310547,5.099999904632568,5.337749004364014,0.014550209045410156,0.2377490997314453,5.199999809265137,5.099999904632568
815,song_815,test,5.5,4.999922752380371,5.900000095367432,5.187897205352783,-0.5000772476196289,-0.7121028900146484,5.5,5.900000095367432
824,song_824,test,7.199999809265137,6.127911567687988,7.0,6.320958137512207,-1.0720882415771484,-0.679041862487793,7.199999809265137,7.0
839,song_839,test,5.699999809265137,4.580107688903809,4.400000095367432,4.497891902923584,-1.1198921203613281,0.09789180755615234,5.699999809265137,4.400000095367432
841,song_841,test,4.199999809265137,4.695207595825195,4.699999809265137,4.7285542488098145,0.4952077865600586,0.028554439544677734,4.199999809265137,4.699999809265137
846,song_846,test,6.0,4.543354034423828,5.5,4.505069732666016,-1.4566459655761719,-0.9949302673339844,6.0,5.5
848,song_848,test,2.200000047683716,4.301555156707764,2.700000047683716,4.2606425285339355,2.101555109024048,1.5606424808502197,2.200000047683716,2.700000047683716
850,song_850,test,3.5999999046325684,5.108285427093506,3.0999999046325684,5.143946170806885,1.5082855224609375,2.0439462661743164,3.5999999046325684,3.0999999046325684
851,song_851,test,5.0,4.8091535568237305,4.400000095367432,4.786248207092285,-0.19084644317626953,0.3862481117248535,5.0,4.400000095367432
871,song_871,test,6.400000095367432,5.185785293579102,6.0,5.2906904220581055,-1.21421480178833,-0.7093095779418945,6.400000095367432,6.0
899,song_899,test,5.300000190734863,4.543685436248779,6.300000190734863,4.554987907409668,-0.756314754486084,-1.7450122833251953,5.300000190734863,6.300000190734863
903,song_903,test,5.900000095367432,5.166074752807617,5.599999904632568,5.224541187286377,-0.7339253425598145,-0.3754587173461914,5.900000095367432,5.599999904632568
909,song_909,test,6.0,5.040833950042725,5.5,5.129942417144775,-0.9591660499572754,-0.3700575828552246,6.0,5.5
934,song_934,test,6.199999809265137,5.355297088623047,6.400000095367432,5.41555118560791,-0.8447027206420898,-0.9844489097595215,6.199999809265137,6.400000095367432
936,song_936,test,5.400000095367432,5.574874401092529,4.699999809265137,5.7250895500183105,0.17487430572509766,1.0250897407531738,5.400000095367432,4.699999809265137
941,song_941,test,7.199999809265137,5.9528093338012695,5.900000095367432,6.042275428771973,-1.2471904754638672,0.14227533340454102,7.199999809265137,5.900000095367432
955,song_955,test,3.799999952316284,3.978696584701538,5.599999904632568,3.7867980003356934,0.1786966323852539,-1.813201904296875,3.799999952316284,5.599999904632568
968,song_968,test,3.799999952316284,4.434678554534912,3.200000047683716,4.426398754119873,0.6346786022186279,1.2263987064361572,3.799999952316284,3.200000047683716
978,song_978,test,7.699999809265137,6.544929504394531,6.099999904632568,6.794915199279785,-1.1550703048706055,0.6949152946472168,7.699999809265137,6.099999904632568
983,song_983,test,4.800000190734863,6.776023864746094,6.300000190734863,6.953070163726807,1.9760236740112305,0.6530699729919434,4.800000190734863,6.300000190734863
999,song_999,test,4.099999904632568,4.893824100494385,5.900000095367432,4.922316074371338,0.7938241958618164,-0.9776840209960938,4.099999904632568,5.900000095367432
1004,song_1004,test,3.799999952316284,4.4856953620910645,4.699999809265137,4.543935298919678,0.6856954097747803,-0.15606451034545898,3.799999952316284,4.699999809265137
1005,song_1005,test,5.400000095367432,4.980972766876221,5.099999904632568,5.023579120635986,-0.41902732849121094,-0.07642078399658203,5.400000095367432,5.099999904632568
1008,song_1008,test,6.0,4.729053020477295,5.400000095367432,4.707378387451172,-1.270946979522705,-0.6926217079162598,6.0,5.400000095367432
1020,song_1020,test,3.4000000953674316,4.7211456298828125,2.5,4.6939849853515625,1.3211455345153809,2.1939849853515625,3.4000000953674316,2.5
1023,song_1023,test,2.9000000953674316,3.584881067276001,2.299999952316284,3.4315783977508545,0.6848809719085693,1.1315784454345703,2.9000000953674316,2.299999952316284
1026,song_1026,test,3.700000047683716,3.3919570446014404,2.799999952316284,3.2316370010375977,-0.3080430030822754,0.4316370487213135,3.700000047683716,2.799999952316284
1032,song_1032,test,3.299999952316284,4.384995937347412,4.099999904632568,4.342706680297852,1.084995985031128,0.2427067756652832,3.299999952316284,4.099999904632568
1033,song_1033,test,5.300000190734863,4.995602130889893,5.599999904632568,5.078209400177002,-0.3043980598449707,-0.5217905044555664,5.300000190734863,5.599999904632568
1036,song_1036,test,4.800000190734863,4.306055068969727,3.0,4.271034240722656,-0.4939451217651367,1.2710342407226562,4.800000190734863,3.0
1048,song_1048,test,5.0,5.491389274597168,6.699999809265137,5.662496089935303,0.49138927459716797,-1.037503719329834,5.0,6.699999809265137
1051,song_1051,test,5.199999809265137,3.9886257648468018,5.300000190734863,3.831042528152466,-1.211374044418335,-1.4689576625823975,5.199999809265137,5.300000190734863
1052,song_1052,test,5.5,4.540534019470215,6.599999904632568,4.556056976318359,-0.9594659805297852,-2.043942928314209,5.5,6.599999904632568
1061,song_1061,test,6.5,6.061548709869385,6.199999809265137,6.238892078399658,-0.43845129013061523,0.038892269134521484,6.5,6.199999809265137
1062,song_1062,test,4.099999904632568,5.0412421226501465,4.300000190734863,5.063453674316406,0.9412422180175781,0.763453483581543,4.099999904632568,4.300000190734863
1072,song_1072,test,6.300000190734863,5.433324813842773,5.5,5.393110275268555,-0.8666753768920898,-0.10688972473144531,6.300000190734863,5.5
1088,song_1088,test,7.300000190734863,8.1829833984375,6.599999904632568,8.61548137664795,0.8829832077026367,2.015481472015381,7.300000190734863,6.599999904632568
1092,song_1092,test,5.800000190734863,5.260369777679443,6.300000190734863,5.285526275634766,-0.5396304130554199,-1.0144739151000977,5.800000190734863,6.300000190734863
1097,song_1097,test,5.5,5.589951515197754,5.400000095367432,5.6322479248046875,0.0899515151977539,0.23224782943725586,5.5,5.400000095367432
1111,song_1111,test,3.200000047683716,3.731623411178589,2.9000000953674316,3.650015354156494,0.531623363494873,0.7500152587890625,3.200000047683716,2.9000000953674316
1113,song_1113,test,3.4000000953674316,3.594991683959961,3.0,3.522789239883423,0.1949915885925293,0.5227892398834229,3.4000000953674316,3.0
1117,song_1117,test,4.199999809265137,4.111013889312744,3.4000000953674316,3.955296516418457,-0.08898591995239258,0.5552964210510254,4.199999809265137,3.4000000953674316
1120,song_1120,test,3.4000000953674316,3.5785117149353027,2.799999952316284,3.5334136486053467,0.1785116195678711,0.7334136962890625,3.4000000953674316,2.799999952316284
1127,song_1127,test,3.4000000953674316,3.461914539337158,3.0,3.386155605316162,0.06191444396972656,0.3861556053161621,3.4000000953674316,3.0
1128,song_1128,test,3.700000047683716,2.709718704223633,2.700000047683716,2.4405434131622314,-0.990281343460083,-0.2594566345214844,3.700000047683716,2.700000047683716
1135,song_1135,test,3.0999999046325684,3.239764451980591,2.700000047683716,2.9534854888916016,0.13976454734802246,0.25348544120788574,3.0999999046325684,2.700000047683716
1140,song_1140,test,5.900000095367432,5.21121072769165,5.400000095367432,5.29786491394043,-0.6887893676757812,-0.10213518142700195,5.900000095367432,5.400000095367432
1148,song_1148,test,3.4000000953674316,3.778831720352173,3.0,3.6066999435424805,0.3788316249847412,0.6066999435424805,3.4000000953674316,3.0
1154,song_1154,test,3.9000000953674316,3.774369239807129,4.400000095367432,3.7071712017059326,-0.12563085556030273,-0.692828893661499,3.9000000953674316,4.400000095367432
1186,song_1186,test,3.700000047683716,3.0491130352020264,1.899999976158142,2.7713465690612793,-0.6508870124816895,0.8713465929031372,3.700000047683716,1.899999976158142
1208,song_1208,test,6.199999809265137,4.463801383972168,4.599999904632568,4.4450836181640625,-1.7361984252929688,-0.15491628646850586,6.199999809265137,4.599999904632568
1212,song_1212,test,3.5,3.6185154914855957,2.700000047683716,3.5184786319732666,0.1185154914855957,0.8184785842895508,3.5,2.700000047683716
1214,song_1214,test,6.199999809265137,5.349050045013428,5.300000190734863,5.434050559997559,-0.850949764251709,0.1340503692626953,6.199999809265137,5.300000190734863
1217,song_1217,test,3.9000000953674316,3.314183473587036,2.5999999046325684,3.1302874088287354,-0.5858166217803955,0.530287504196167,3.9000000953674316,2.5999999046325684
1229,song_1229,test,5.199999809265137,5.316781520843506,4.300000190734863,5.445239067077637,0.11678171157836914,1.1452388763427734,5.199999809265137,4.300000190734863
1232,song_1232,test,6.900000095367432,5.418638706207275,6.300000190734863,5.500396728515625,-1.4813613891601562,-0.7996034622192383,6.900000095367432,6.300000190734863
1238,song_1238,test,5.5,5.385719299316406,5.099999904632568,5.414905071258545,-0.11428070068359375,0.31490516662597656,5.5,5.099999904632568
1252,song_1252,test,5.199999809265137,4.918889045715332,5.099999904632568,4.84508752822876,-0.2811107635498047,-0.2549123764038086,5.199999809265137,5.099999904632568
1269,song_1269,test,3.5,4.024566650390625,4.400000095367432,4.009602069854736,0.524566650390625,-0.3903980255126953,3.5,4.400000095367432
1273,song_1273,test,4.800000190734863,5.269257545471191,5.599999904632568,5.2658257484436035,0.4692573547363281,-0.33417415618896484,4.800000190734863,5.599999904632568
1274,song_1274,test,6.0,5.721051216125488,5.400000095367432,5.854335308074951,-0.2789487838745117,0.45433521270751953,6.0,5.400000095367432
1277,song_1277,test,2.9000000953674316,3.370857000350952,2.200000047683716,3.177060842514038,0.4708569049835205,0.9770607948303223,2.9000000953674316,2.200000047683716
1278,song_1278,test,5.099999904632568,4.892901420593262,4.099999904632568,4.846783638000488,-0.20709848403930664,0.7467837333679199,5.099999904632568,4.099999904632568
1282,song_1282,test,6.800000190734863,6.361993312835693,6.400000095367432,6.644645690917969,-0.4380068778991699,0.2446455955505371,6.800000190734863,6.400000095367432
1285,song_1285,test,5.099999904632568,5.206460475921631,4.900000095367432,5.30396032333374,0.1064605712890625,0.4039602279663086,5.099999904632568,4.900000095367432
1295,song_1295,test,6.900000095367432,6.229197025299072,6.400000095367432,6.433967590332031,-0.6708030700683594,0.03396749496459961,6.900000095367432,6.400000095367432
1301,song_1301,test,4.400000095367432,2.774731397628784,2.799999952316284,2.537008285522461,-1.6252686977386475,-0.26299166679382324,4.400000095367432,2.799999952316284
1308,song_1308,test,5.800000190734863,4.783283233642578,5.300000190734863,4.962799072265625,-1.0167169570922852,-0.3372011184692383,5.800000190734863,5.300000190734863
1313,song_1313,test,4.199999809265137,4.16107702255249,3.0,4.118096351623535,-0.038922786712646484,1.1180963516235352,4.199999809265137,3.0
1316,song_1316,test,5.199999809265137,4.500930309295654,4.0,4.459267616271973,-0.6990694999694824,0.45926761627197266,5.199999809265137,4.0
1321,song_1321,test,4.5,4.555667400360107,5.699999809265137,4.494840621948242,0.05566740036010742,-1.2051591873168945,4.5,5.699999809265137
1328,song_1328,test,4.400000095367432,3.2817866802215576,2.700000047683716,3.0645625591278076,-1.118213415145874,0.3645625114440918,4.400000095367432,2.700000047683716
1333,song_1333,test,4.5,4.809998035430908,5.699999809265137,4.896913528442383,0.3099980354309082,-0.8030862808227539,4.5,5.699999809265137
1339,song_1339,test,7.199999809265137,4.876619338989258,6.800000190734863,5.087518692016602,-2.323380470275879,-1.7124814987182617,7.199999809265137,6.800000190734863
1343,song_1343,test,6.0,5.495582103729248,5.400000095367432,5.59761381149292,-0.504417896270752,0.19761371612548828,6.0,5.400000095367432
1352,song_1352,test,6.699999809265137,6.61860990524292,6.400000095367432,6.842188358306885,-0.0813899040222168,0.4421882629394531,6.699999809265137,6.400000095367432
1361,song_1361,test,4.400000095367432,3.927680015563965,2.5,3.8706600666046143,-0.4723200798034668,1.3706600666046143,4.400000095367432,2.5
1366,song_1366,test,5.400000095367432,5.847781658172607,6.300000190734863,5.897011756896973,0.4477815628051758,-0.4029884338378906,5.400000095367432,6.300000190734863
1380,song_1380,test,4.099999904632568,3.535928964614868,4.5,3.478957176208496,-0.5640709400177002,-1.021042823791504,4.099999904632568,4.5
1383,song_1383,test,5.599999904632568,4.470292568206787,3.0,4.422553539276123,-1.1297073364257812,1.422553539276123,5.599999904632568,3.0
1386,song_1386,test,5.900000095367432,4.804806232452393,5.0,4.879107475280762,-1.095193862915039,-0.12089252471923828,5.900000095367432,5.0
1387,song_1387,test,6.099999904632568,3.77109956741333,4.5,3.933479070663452,-2.3289003372192383,-0.5665209293365479,6.099999904632568,4.5
1393,song_1393,test,6.199999809265137,5.28680944442749,4.099999904632568,5.199514389038086,-0.9131903648376465,1.0995144844055176,6.199999809265137,4.099999904632568
1404,song_1404,test,3.799999952316284,3.3834609985351562,2.700000047683716,3.133328676223755,-0.41653895378112793,0.43332862854003906,3.799999952316284,2.700000047683716
1409,song_1409,test,4.900000095367432,4.443192958831787,3.700000047683716,4.3831353187561035,-0.45680713653564453,0.6831352710723877,4.900000095367432,3.700000047683716
1410,song_1410,test,6.0,5.00051212310791,4.400000095367432,4.985036373138428,-0.9994878768920898,0.5850362777709961,6.0,4.400000095367432
1411,song_1411,test,3.9000000953674316,4.187751293182373,2.700000047683716,4.235884666442871,0.2877511978149414,1.5358846187591553,3.9000000953674316,2.700000047683716
1419,song_1419,test,3.700000047683716,4.485024929046631,2.5,4.4384026527404785,0.785024881362915,1.9384026527404785,3.700000047683716,2.5
1437,song_1437,test,5.099999904632568,5.099819660186768,4.5,5.024335861206055,-0.00018024444580078125,0.5243358612060547,5.099999904632568,4.5
1440,song_1440,test,5.099999904632568,5.29179573059082,4.900000095367432,5.333786964416504,0.19179582595825195,0.43378686904907227,5.099999904632568,4.900000095367432
1441,song_1441,test,5.0,4.70470666885376,4.0,4.69966459274292,-0.29529333114624023,0.6996645927429199,5.0,4.0
1451,song_1451,test,5.099999904632568,4.321142673492432,4.800000190734863,4.256349563598633,-0.7788572311401367,-0.5436506271362305,5.099999904632568,4.800000190734863
1464,song_1464,test,4.800000190734863,4.859315872192383,4.400000095367432,4.925127983093262,0.05931568145751953,0.5251278877258301,4.800000190734863,4.400000095367432
1472,song_1472,test,5.0,4.94520902633667,5.199999809265137,4.927529335021973,-0.05479097366333008,-0.27247047424316406,5.0,5.199999809265137
1481,song_1481,test,3.9000000953674316,3.835527181625366,3.700000047683716,3.7161319255828857,-0.06447291374206543,0.016131877899169922,3.9000000953674316,3.700000047683716
1495,song_1495,test,4.400000095367432,4.597508430480957,3.9000000953674316,4.683889389038086,0.1975083351135254,0.7838892936706543,4.400000095367432,3.9000000953674316
1498,song_1498,test,4.800000190734863,4.956672668457031,3.799999952316284,4.926944732666016,0.15667247772216797,1.1269447803497314,4.800000190734863,3.799999952316284
1505,song_1505,test,4.199999809265137,4.75626277923584,4.900000095367432,4.692976951599121,0.5562629699707031,-0.20702314376831055,4.199999809265137,4.900000095367432
1511,song_1511,test,5.5,5.752218246459961,5.599999904632568,5.849674701690674,0.25221824645996094,0.24967479705810547,5.5,5.599999904632568
1513,song_1513,test,6.099999904632568,5.6632490158081055,6.300000190734863,5.785297393798828,-0.4367508888244629,-0.5147027969360352,6.099999904632568,6.300000190734863
1514,song_1514,test,4.599999904632568,5.565802574157715,5.400000095367432,5.6776556968688965,0.9658026695251465,0.27765560150146484,4.599999904632568,5.400000095367432
1521,song_1521,test,4.800000190734863,5.33107328414917,4.900000095367432,5.292346000671387,0.5310730934143066,0.3923459053039551,4.800000190734863,4.900000095367432
1523,song_1523,test,6.900000095367432,5.831159591674805,4.800000190734863,5.847071170806885,-1.068840503692627,1.0470709800720215,6.900000095367432,4.800000190734863
1524,song_1524,test,5.599999904632568,5.052227973937988,4.400000095367432,5.098988056182861,-0.5477719306945801,0.6989879608154297,5.599999904632568,4.400000095367432
1532,song_1532,test,5.800000190734863,5.212865352630615,5.599999904632568,5.311306953430176,-0.587134838104248,-0.2886929512023926,5.800000190734863,5.599999904632568
1539,song_1539,test,4.400000095367432,3.9016366004943848,4.699999809265137,3.8754913806915283,-0.4983634948730469,-0.8245084285736084,4.400000095367432,4.699999809265137
1548,song_1548,test,4.599999904632568,4.074474811553955,3.700000047683716,3.911754846572876,-0.5255250930786133,0.21175479888916016,4.599999904632568,3.700000047683716
1551,song_1551,test,5.599999904632568,5.437854766845703,5.400000095367432,5.499252796173096,-0.16214513778686523,0.09925270080566406,5.599999904632568,5.400000095367432
1554,song_1554,test,5.800000190734863,5.129181385040283,4.5,5.096843719482422,-0.6708188056945801,0.5968437194824219,5.800000190734863,4.5
1563,song_1563,test,5.099999904632568,4.913252830505371,5.699999809265137,4.936156272888184,-0.18674707412719727,-0.7638435363769531,5.099999904632568,5.699999809265137
1589,song_1589,test,5.800000190734863,5.878611087799072,6.099999904632568,5.933619022369385,0.07861089706420898,-0.1663808822631836,5.800000190734863,6.099999904632568
1594,song_1594,test,5.599999904632568,5.161513805389404,5.400000095367432,5.093129634857178,-0.43848609924316406,-0.3068704605102539,5.599999904632568,5.400000095367432
1606,song_1606,test,5.599999904632568,5.232842922210693,4.900000095367432,5.299424648284912,-0.367156982421875,0.39942455291748047,5.599999904632568,4.900000095367432
1611,song_1611,test,5.699999809265137,5.932179927825928,6.199999809265137,6.1022844314575195,0.23218011856079102,-0.09771537780761719,5.699999809265137,6.199999809265137
1620,song_1620,test,6.300000190734863,5.792383193969727,5.699999809265137,5.927398204803467,-0.5076169967651367,0.22739839553833008,6.300000190734863,5.699999809265137
1624,song_1624,test,5.699999809265137,6.4526686668396,6.400000095367432,6.642772674560547,0.7526688575744629,0.24277257919311523,5.699999809265137,6.400000095367432
1626,song_1626,test,6.099999904632568,6.425710201263428,6.0,6.518962383270264,0.3257102966308594,0.5189623832702637,6.099999904632568,6.0
1628,song_1628,test,4.699999809265137,4.983180522918701,4.800000190734863,4.984834671020508,0.28318071365356445,0.18483448028564453,4.699999809265137,4.800000190734863
1629,song_1629,test,6.400000095367432,5.781959056854248,6.300000190734863,5.816152572631836,-0.6180410385131836,-0.48384761810302734,6.400000095367432,6.300000190734863
1639,song_1639,test,5.300000190734863,5.4293928146362305,5.300000190734863,5.392434597015381,0.1293926239013672,0.09243440628051758,5.300000190734863,5.300000190734863
1647,song_1647,test,7.099999904632568,5.523707866668701,5.800000190734863,5.593353748321533,-1.5762920379638672,-0.20664644241333008,7.099999904632568,5.800000190734863
1653,song_1653,test,4.300000190734863,4.300121784210205,3.0999999046325684,4.227176666259766,0.00012159347534179688,1.1271767616271973,4.300000190734863,3.0999999046325684
1654,song_1654,test,4.800000190734863,3.7980122566223145,3.0999999046325684,3.7972280979156494,-1.0019879341125488,0.697228193283081,4.800000190734863,3.0999999046325684
1657,song_1657,test,5.599999904632568,5.042529106140137,5.699999809265137,5.157218933105469,-0.5574707984924316,-0.542780876159668,5.599999904632568,5.699999809265137
1665,song_1665,test,5.599999904632568,5.556282043457031,5.699999809265137,5.614867687225342,-0.04371786117553711,-0.08513212203979492,5.599999904632568,5.699999809265137
1666,song_1666,test,3.799999952316284,4.508355140686035,3.299999952316284,4.544033050537109,0.708355188369751,1.2440330982208252,3.799999952316284,3.299999952316284
1667,song_1667,test,6.0,5.576308727264404,7.5,5.952546119689941,-0.4236912727355957,-1.5474538803100586,6.0,7.5
1668,song_1668,test,5.5,5.990554332733154,5.5,6.062729835510254,0.4905543327331543,0.5627298355102539,5.5,5.5
1670,song_1670,test,5.900000095367432,5.935257911682129,5.400000095367432,6.01339054107666,0.035257816314697266,0.6133904457092285,5.900000095367432,5.400000095367432
1683,song_1683,test,6.0,4.984553337097168,4.800000190734863,5.078800201416016,-1.015446662902832,0.27880001068115234,6.0,4.800000190734863
1687,song_1687,test,5.099999904632568,4.995372772216797,4.699999809265137,4.951951503753662,-0.10462713241577148,0.2519516944885254,5.099999904632568,4.699999809265137
1691,song_1691,test,3.700000047683716,4.11525821685791,3.5999999046325684,4.118691444396973,0.41525816917419434,0.5186915397644043,3.700000047683716,3.5999999046325684
1694,song_1694,test,4.5,5.573482036590576,6.099999904632568,5.633358478546143,1.0734820365905762,-0.4666414260864258,4.5,6.099999904632568
1696,song_1696,test,3.799999952316284,3.9769399166107178,3.299999952316284,3.954669713973999,0.1769399642944336,0.6546697616577148,3.799999952316284,3.299999952316284
1708,song_1708,test,4.199999809265137,3.778632402420044,3.5999999046325684,3.613494396209717,-0.4213674068450928,0.013494491577148438,4.199999809265137,3.5999999046325684
1716,song_1716,test,5.800000190734863,5.412319183349609,5.400000095367432,5.446925163269043,-0.3876810073852539,0.04692506790161133,5.800000190734863,5.400000095367432
1719,song_1719,test,5.0,3.139580249786377,3.299999952316284,2.8687992095947266,-1.860419750213623,-0.4312007427215576,5.0,3.299999952316284
1735,song_1735,test,4.699999809265137,4.070240497589111,3.0,4.000726699829102,-0.6297593116760254,1.0007266998291016,4.699999809265137,3.0
1736,song_1736,test,4.699999809265137,4.918104648590088,3.0999999046325684,4.985487461090088,0.21810483932495117,1.8854875564575195,4.699999809265137,3.0999999046325684
1739,song_1739,test,3.700000047683716,3.9188997745513916,2.799999952316284,3.7725906372070312,0.21889972686767578,0.9725906848907471,3.700000047683716,2.799999952316284
1741,song_1741,test,3.299999952316284,4.129916667938232,3.5,3.9553756713867188,0.8299167156219482,0.45537567138671875,3.299999952316284,3.5
1742,song_1742,test,6.800000190734863,5.3753767013549805,5.099999904632568,5.436769008636475,-1.4246234893798828,0.33676910400390625,6.800000190734863,5.099999904632568
1752,song_1752,test,5.5,6.194746494293213,6.099999904632568,6.299291610717773,0.6947464942932129,0.19929170608520508,5.5,6.099999904632568
1753,song_1753,test,3.200000047683716,4.655810832977295,3.4000000953674316,4.582776069641113,1.455810785293579,1.1827759742736816,3.200000047683716,3.4000000953674316
1756,song_1756,test,4.400000095367432,3.841238498687744,3.9000000953674316,3.753704071044922,-0.5587615966796875,-0.14629602432250977,4.400000095367432,3.9000000953674316
1757,song_1757,test,5.0,3.7967944145202637,3.0999999046325684,3.613222360610962,-1.2032055854797363,0.5132224559783936,5.0,3.0999999046325684
1765,song_1765,test,5.800000190734863,5.331906318664551,4.599999904632568,5.427718639373779,-0.4680938720703125,0.8277187347412109,5.800000190734863,4.599999904632568
1770,song_1770,test,4.5,3.6300508975982666,2.9000000953674316,3.5555973052978516,-0.8699491024017334,0.6555972099304199,4.5,2.9000000953674316
1772,song_1772,test,5.599999904632568,4.254484176635742,4.300000190734863,4.347923755645752,-1.3455157279968262,0.04792356491088867,5.599999904632568,4.300000190734863
1777,song_1777,test,5.300000190734863,4.207273960113525,4.400000095367432,4.049849510192871,-1.092726230621338,-0.35015058517456055,5.300000190734863,4.400000095367432
1779,song_1779,test,5.699999809265137,3.7893762588500977,2.9000000953674316,3.594123125076294,-1.910623550415039,0.6941230297088623,5.699999809265137,2.9000000953674316
1785,song_1785,test,5.599999904632568,5.373816967010498,5.199999809265137,5.344958782196045,-0.2261829376220703,0.1449589729309082,5.599999904632568,5.199999809265137
1786,song_1786,test,4.199999809265137,3.394232988357544,3.0999999046325684,3.1293928623199463,-0.8057668209075928,0.02939295768737793,4.199999809265137,3.0999999046325684
1790,song_1790,test,3.799999952316284,4.177543640136719,3.299999952316284,4.099496364593506,0.37754368782043457,0.7994964122772217,3.799999952316284,3.299999952316284
1791,song_1791,test,5.300000190734863,4.148641586303711,3.299999952316284,4.227712631225586,-1.1513586044311523,0.9277126789093018,5.300000190734863,3.299999952316284
1827,song_1827,test,5.599999904632568,5.440459728240967,6.699999809265137,5.648276329040527,-0.15954017639160156,-1.0517234802246094,5.599999904632568,6.699999809265137
1834,song_1834,test,6.300000190734863,5.53383731842041,5.699999809265137,5.563502311706543,-0.7661628723144531,-0.13649749755859375,6.300000190734863,5.699999809265137
1835,song_1835,test,5.300000190734863,4.1818647384643555,3.200000047683716,4.011979103088379,-1.1181354522705078,0.8119790554046631,5.300000190734863,3.200000047683716
1836,song_1836,test,5.599999904632568,4.980963706970215,4.599999904632568,4.979423522949219,-0.6190361976623535,0.3794236183166504,5.599999904632568,4.599999904632568
1841,song_1841,test,4.599999904632568,2.78082537651062,3.0999999046325684,2.6487390995025635,-1.8191745281219482,-0.4512608051300049,4.599999904632568,3.0999999046325684
1842,song_1842,test,5.800000190734863,4.887668132781982,6.300000190734863,4.908128261566162,-0.9123320579528809,-1.3918719291687012,5.800000190734863,6.300000190734863
1847,song_1847,test,3.200000047683716,3.891474962234497,2.5999999046325684,3.7388319969177246,0.6914749145507812,1.1388320922851562,3.200000047683716,2.5999999046325684
1854,song_1854,test,5.199999809265137,4.804588317871094,4.5,4.867488384246826,-0.39541149139404297,0.36748838424682617,5.199999809265137,4.5
1855,song_1855,test,5.400000095367432,5.4999213218688965,6.0,5.543276786804199,0.09992122650146484,-0.4567232131958008,5.400000095367432,6.0
1856,song_1856,test,6.099999904632568,5.677988052368164,6.699999809265137,5.927973747253418,-0.4220118522644043,-0.7720260620117188,6.099999904632568,6.699999809265137
1886,song_1886,test,4.099999904632568,3.3974223136901855,3.0,3.229848623275757,-0.7025775909423828,0.22984862327575684,4.099999904632568,3.0
1895,song_1895,test,6.5,5.557173728942871,5.900000095367432,5.633512496948242,-0.9428262710571289,-0.26648759841918945,6.5,5.900000095367432
1900,song_1900,test,6.5,5.557215690612793,6.699999809265137,5.652040958404541,-0.942784309387207,-1.0479588508605957,6.5,6.699999809265137
1910,song_1910,test,3.799999952316284,4.154552459716797,3.299999952316284,4.110002040863037,0.3545525074005127,0.8100020885467529,3.799999952316284,3.299999952316284
1913,song_1913,test,6.0,5.716856479644775,6.5,5.93807315826416,-0.2831435203552246,-0.5619268417358398,6.0,6.5
1915,song_1915,test,6.300000190734863,5.396441459655762,6.5,5.559260845184326,-0.9035587310791016,-0.9407391548156738,6.300000190734863,6.5
1922,song_1922,test,5.599999904632568,6.146046161651611,5.800000190734863,6.388535022735596,0.546046257019043,0.5885348320007324,5.599999904632568,5.800000190734863
1925,song_1925,test,4.900000095367432,5.096548080444336,4.5,5.1793999671936035,0.1965479850769043,0.6793999671936035,4.900000095367432,4.5
1935,song_1935,test,4.699999809265137,4.666398525238037,4.400000095367432,4.670688152313232,-0.03360128402709961,0.2706880569458008,4.699999809265137,4.400000095367432
1942,song_1942,test,6.400000095367432,5.925146579742432,6.800000190734863,6.094783782958984,-0.474853515625,-0.7052164077758789,6.400000095367432,6.800000190734863
1944,song_1944,test,6.099999904632568,4.412272930145264,5.099999904632568,4.260969638824463,-1.6877269744873047,-0.8390302658081055,6.099999904632568,5.099999904632568
1950,song_1950,test,3.799999952316284,3.6655147075653076,3.4000000953674316,3.5464272499084473,-0.13448524475097656,0.14642715454101562,3.799999952316284,3.4000000953674316
1957,song_1957,test,4.800000190734863,4.829681396484375,4.800000190734863,4.941592216491699,0.02968120574951172,0.14159202575683594,4.800000190734863,4.800000190734863
1962,song_1962,test,4.400000095367432,4.320219039916992,5.0,4.246686935424805,-0.07978105545043945,-0.7533130645751953,4.400000095367432,5.0
1965,song_1965,test,3.299999952316284,3.365523338317871,3.5,3.2639477252960205,0.06552338600158691,-0.2360522747039795,3.299999952316284,3.5
1966,song_1966,test,3.5999999046325684,5.217214584350586,5.0,5.30301570892334,1.6172146797180176,0.30301570892333984,3.5999999046325684,5.0
1976,song_1976,test,4.900000095367432,4.8592753410339355,5.400000095367432,4.727331638336182,-0.040724754333496094,-0.67266845703125,4.900000095367432,5.400000095367432
1977,song_1977,test,4.699999809265137,5.48600435256958,5.199999809265137,5.591538906097412,0.7860045433044434,0.3915390968322754,4.699999809265137,5.199999809265137
1981,song_1981,test,5.099999904632568,6.023311614990234,5.800000190734863,6.239790916442871,0.923311710357666,0.4397907257080078,5.099999904632568,5.800000190734863
1987,song_1987,test,6.5,5.302023410797119,6.300000190734863,5.376792907714844,-1.1979765892028809,-0.9232072830200195,6.5,6.300000190734863
2011,song_2011,test,4.199999809265137,3.999814748764038,5.0,4.021853446960449,-0.20018506050109863,-0.9781465530395508,4.199999809265137,5.0
2012,song_2012,test,3.1700000762939453,3.797539710998535,5.170000076293945,3.652782440185547,0.6275396347045898,-1.5172176361083984,3.1700000762939453,5.170000076293945
2029,song_2029,test,4.170000076293945,5.118808746337891,4.0,5.202978610992432,0.9488086700439453,1.2029786109924316,4.170000076293945,4.0
2055,song_2055,test,5.0,4.980518341064453,5.199999809265137,4.963446617126465,-0.019481658935546875,-0.23655319213867188,5.0,5.199999809265137
