w_arousal_crnn_v2,w_arousal_cnn_optimized,w_arousal_cnn_baseline,rmse_valence,rmse_arousal,pearson_valence,pearson_arousal,avg_rmse,avg_pearson
0.4,0.55,0.05,0.8239132133215074,0.8033261087725623,0.731673334601301,0.7911202677281409,0.8136196610470348,0.761396801164721
0.4,0.5,0.1,0.8239132133215074,0.8033263844543812,0.731673334601301,0.7916560196872823,0.8136197988879443,0.7616646771442916
0.35,0.55,0.1,0.8239132133215074,0.8033305016877859,0.731673334601301,0.7914457527259292,0.8136218575046466,0.7615595436636151
0.35,0.6,0.05,0.8239132133215074,0.8034082702071846,0.731673334601301,0.7908602738593286,0.813660741764346,0.7612668042303148
0.35,0.5,0.15,0.8239132133215074,0.8034220930072948,0.731673334601301,0.7919236329689776,0.8136676531644012,0.7617984837851393
0.4,0.6,0.0,0.8239132133215074,0.8034951850486775,0.731673334601301,0.7904790408128354,0.8137041991850924,0.7610761877070682
0.4,0.45,0.15,0.8239132133215074,0.8034960119198183,0.731673334601301,0.7920827120182538,0.8137046126206628,0.7618780233097774
0.35,0.65,0.0,0.8239132133215074,0.803655349399402,0.731673334601301,0.7901708019258399,0.8137842813604547,0.7609220682635705
0.35,0.45,0.2,0.8239132133215074,0.8036829862626919,0.731673334601301,0.792290336868649,0.8137980997920996,0.761981835734975
0.45,0.5,0.05,0.8239132133215074,0.8036978884272834,0.731673334601301,0.7910349087754289,0.8138055508743953,0.761354121688365
0.45,0.45,0.1,0.8239132133215074,0.8037761724557329,0.731673334601301,0.791516890194098,0.81384469288862,0.7615951123976995
0.3,0.6,0.1,0.8239132133215074,0.8037885171808521,0.731673334601301,0.7908894276898827,0.8138508652511798,0.7612813811455919
0.45,0.55,0.0,0.8239132133215074,0.803788886837199,0.731673334601301,0.7904460640714766,0.8138510500793532,0.7610596993363887
0.3,0.55,0.15,0.8239132133215074,0.8038020579233628,0.731673334601301,0.7914143992055972,0.8138576356224351,0.7615438669034491
0.4,0.4,0.2,0.8239132133215074,0.8038348839576329,0.731673334601301,0.7923967929033909,0.8138740486395701,0.762035063752346
0.3,0.65,0.05,0.8239132133215074,0.8039442335556468,0.731673334601301,0.7902584113151784,0.813928723438577,0.7609658729582397
0.3,0.5,0.2,0.8239132133215074,0.803984847231275,0.731673334601301,0.7918297320428404,0.8139490302763912,0.7617515333220707
0.45,0.4,0.15,0.8239132133215074,0.8040236894758296,0.731673334601301,0.791888454248029,0.8139684513986685,0.761780894424665
0.35,0.4,0.25,0.8239132133215074,0.8041130166647208,0.731673334601301,0.7925423258157295,0.814013114993114,0.7621078302085152
0.3,0.7,0.0,0.8239132133215074,0.8042691087369842,0.731673334601301,0.7895249669247846,0.8140911610292458,0.7605991507630427
0.3,0.45,0.25,0.8239132133215074,0.8043367697170033,0.731673334601301,0.7921318664729624,0.8141249915192553,0.7619026005371317
0.4,0.35,0.25,0.8239132133215074,0.8043427866581093,0.731673334601301,0.7925947548265845,0.8141279999898083,0.7621340447139427
0.45,0.35,0.2,0.8239132133215074,0.8044402832744554,0.731673334601301,0.7921460848946807,0.8141767482979814,0.7619097097479909
0.5,0.45,0.05,0.8239132133215074,0.8045229798568362,0.731673334601301,0.7906020469402337,0.8142180965891718,0.7611376907707674
0.5,0.5,0.0,0.8239132133215074,0.80453595770357,0.731673334601301,0.7900695534170236,0.8142245855125387,0.7608714440091623
0.25,0.6,0.15,0.8239132133215074,0.8046352636691271,0.731673334601301,0.790559551243782,0.8142742384953172,0.7611164429225414
0.5,0.4,0.1,0.8239132133215074,0.8046791045398591,0.731673334601301,0.7910263926028478,0.8142961589306832,0.7613498636020744
0.25,0.65,0.1,0.8239132133215074,0.8046996558903687,0.731673334601301,0.7899917078508536,0.8143064346059381,0.7608325212260774
0.35,0.35,0.3,0.8239132133215074,0.8047119130575737,0.731673334601301,0.7926761120599906,0.8143125631895405,0.7621747233306457
0.25,0.55,0.2,0.8239132133215074,0.8047399562438271,0.731673334601301,0.7910193853710639,0.8143265847826673,0.7613463599861825
0.3,0.4,0.3,0.8239132133215074,0.8048576035210787,0.731673334601301,0.7923172884175561,0.814385408421293,0.7619953115094286
0.25,0.7,0.05,0.8239132133215074,0.8049330923287312,0.731673334601301,0.7893194554732639,0.8144231528251193,0.7604963950372825
0.5,0.35,0.15,0.8239132133215074,0.8050042333640484,0.731673334601301,0.7913390766414131,0.8144587233427778,0.7615062056213571
0.25,0.5,0.25,0.8239132133215074,0.8050136676456937,0.731673334601301,0.7913676392318134,0.8144634404836005,0.7615204869165573
0.4,0.3,0.3,0.8239132133215074,0.8050194000869221,0.731673334601301,0.7926731464738096,0.8144663067042147,0.7621732405375553
0.45,0.3,0.25,0.8239132133215074,0.8050256913643625,0.731673334601301,0.7922863157126276,0.814469452342935,0.7619798251569643
0.25,0.75,0.0,0.8239132133215074,0.8053354259855533,0.731673334601301,0.7885464128417112,0.8146243196535303,0.7601098737215062
0.25,0.45,0.3,0.8239132133215074,0.8054562255660138,0.731673334601301,0.791600782442228,0.8146847194437605,0.7616370585217644
0.35,0.3,0.35,0.8239132133215074,0.8054792987715738,0.731673334601301,0.7926882708901166,0.8146962560465405,0.7621808027457089
0.5,0.3,0.2,0.8239132133215074,0.8054981616804796,0.731673334601301,0.7915366286332615,0.8147056875009935,0.7616049816172812
0.3,0.35,0.35,0.8239132133215074,0.8055470210100882,0.731673334601301,0.7923825414602041,0.8147301171657978,0.7620279380307526
0.55,0.45,0.0,0.8239132133215074,0.805735136568748,0.731673334601301,0.7893485219966284,0.8148241749451277,0.7605109282989647
0.45,0.25,0.3,0.8239132133215074,0.8057795458090737,0.731673334601301,0.7923057419143982,0.8148463795652905,0.7619895382578497
0.55,0.4,0.05,0.8239132133215074,0.8057999905692567,0.731673334601301,0.7898208950454076,0.814856601945382,0.7607471148233543
0.4,0.25,0.35,0.8239132133215074,0.8058642992894685,0.731673334601301,0.7926285850409714,0.8148887563054878,0.7621509598211362
0.2,0.65,0.15,0.8239132133215074,0.8059203044882167,0.731673334601301,0.7893649330947836,0.814916758904862,0.7605191338480424
0.2,0.6,0.2,0.8239132133215074,0.8059470393280062,0.731673334601301,0.7898650413333305,0.8149301263247568,0.7607691879673157
0.55,0.35,0.1,0.8239132133215074,0.806033657849964,0.731673334601301,0.7901839492450932,0.8149734355857357,0.7609286419231971
0.2,0.7,0.1,0.8239132133215074,0.8060623812440353,0.731673334601301,0.7887585258573646,0.8149877972827713,0.7602159302293328
0.25,0.4,0.35,0.8239132133215074,0.8060673518976876,0.731673334601301,0.7917153370421574,0.8149902826095975,0.7616943358217292
0.2,0.55,0.25,0.8239132133215074,0.806142568968046,0.731673334601301,0.7902552779280456,0.8150278911447767,0.7609643062646734
0.5,0.25,0.25,0.8239132133215074,0.806160579222805,0.731673334601301,0.7916156331784298,0.8150368962721561,0.7616444838898654
0.2,0.75,0.05,0.8239132133215074,0.8063731803655504,0.731673334601301,0.7880494169771167,0.8151431968435289,0.7598613757892089
0.3,0.3,0.4,0.8239132133215074,0.8064045898036447,0.731673334601301,0.792324239263499,0.815158901562576,0.7619987869324001
0.35,0.25,0.4,0.8239132133215074,0.8064146928026147,0.731673334601301,0.7925754531950828,0.815163953062061,0.7621243938981919
0.55,0.3,0.15,0.8239132133215074,0.8064359916683994,0.731673334601301,0.7904342207893591,0.8151746024949533,0.7610537776953301
0.2,0.5,0.3,0.8239132133215074,0.8065067706404246,0.731673334601301,0.7905321060297756,0.815209991980966,0.7611027203155383
0.45,0.2,0.35,0.8239132133215074,0.8067013743743765,0.731673334601301,0.7922010327391208,0.815307293847942,0.7619371836702109
0.25,0.35,0.4,0.8239132133215074,0.8068466636067074,0.731673334601301,0.7917078897272701,0.8153799384641074,0.7616906121642856
0.2,0.8,0.0,0.8239132133215074,0.8068525068775109,0.731673334601301,0.7872412179536887,0.8153828600995091,0.7594572762774949
0.4,0.2,0.4,0.8239132133215074,0.8068769556183446,0.731673334601301,0.7924577688960379,0.815395084469926,0.7620655517486694
0.5,0.2,0.3,0.8239132133215074,0.8069910710786634,0.731673334601301,0.7915727419823663,0.8154521422000853,0.7616230382918336
0.55,0.25,0.2,0.8239132133215074,0.8070067397581139,0.731673334601301,0.7905682945903898,0.8154599765398106,0.7611208145958455
0.2,0.45,0.35,0.8239132133215074,0.80703941598965,0.731673334601301,0.7906920361531192,0.8154763146555787,0.7611826853772101
0.6,0.4,0.0,0.8239132133215074,0.8073844089362632,0.731673334601301,0.7882833304024809,0.8156488111288853,0.759978332501891
0.3,0.25,0.45,0.8239132133215074,0.8074297741229046,0.731673334601301,0.792139078337183,0.815671493722206,0.761906206469242
0.35,0.2,0.45,0.8239132133215074,0.8075175113097847,0.731673334601301,0.7923343983498164,0.815715362315646,0.7620038664755587
0.6,0.35,0.05,0.8239132133215074,0.8075267765922977,0.731673334601301,0.7886920428816762,0.8157199949569025,0.7601826887414886
0.15,0.65,0.2,0.8239132133215074,0.8076040698611431,0.731673334601301,0.7883737141849946,0.8157586415913252,0.7600235243931478
0.15,0.7,0.15,0.8239132133215074,0.8076550236711932,0.731673334601301,0.7878376243200487,0.8157841184963504,0.7597554794606749
0.15,0.6,0.25,0.8239132133215074,0.8077215784766878,0.731673334601301,0.7888017203811438,0.8158173958990975,0.7602375274912224
0.2,0.4,0.4,0.8239132133215074,0.8077401717870714,0.731673334601301,0.7907316381867352,0.8158266925542894,0.7612024863940181
0.55,0.2,0.25,0.8239132133215074,0.8077455451176867,0.731673334601301,0.7905828160169046,0.815829379219597,0.7611280753091028
0.45,0.15,0.4,0.8239132133215074,0.8077906019980438,0.731673334601301,0.7919689441691891,0.8158519076597756,0.761821139385245
0.25,0.3,0.45,0.8239132133215074,0.8077936739272122,0.731673334601301,0.7915751044557945,0.8158534436243599,0.7616242195285478
0.6,0.3,0.1,0.8239132133215074,0.80783756060198,0.731673334601301,0.7889903884259114,0.8158753869617437,0.7603318615136062
0.15,0.75,0.1,0.8239132133215074,0.8078744080313305,0.731673334601301,0.7871970157511566,0.8158938106764189,0.7594351751762288
0.5,0.15,0.35,0.8239132133215074,0.8079891189825216,0.731673334601301,0.7914046862879027,0.8159511661520145,0.7615390104446018
0.15,0.55,0.3,0.8239132133215074,0.8080074760193034,0.731673334601301,0.7891181091609675,0.8159603446704053,0.7603957218811342
0.4,0.15,0.45,0.8239132133215074,0.8080567383743378,0.731673334601301,0.7921574905354564,0.8159849758479225,0.7619154125683787
0.15,0.8,0.05,0.8239132133215074,0.8082620857916403,0.731673334601301,0.7864554738541155,0.8160876495565739,0.7590644042277083
0.6,0.25,0.15,0.8239132133215074,0.808316566705639,0.731673334601301,0.7891749626452722,0.8161148900135732,0.7604241486232866
0.15,0.5,0.35,0.8239132133215074,0.8084615838460859,0.731673334601301,0.7893193892939353,0.8161873985837966,0.7604963619476182
0.2,0.35,0.45,0.8239132133215074,0.808608600969544,0.731673334601301,0.7906475537981642,0.8162609071455257,0.7611604441997326
0.3,0.2,0.5,0.8239132133215074,0.8086219364508785,0.731673334601301,0.7918238510961914,0.816267574886193,0.7617485928487462
0.55,0.15,0.3,0.8239132133215074,0.808651947122828,0.731673334601301,0.790474503002188,0.8162825802221676,0.7610739188017446
0.35,0.15,0.5,0.8239132133215074,0.8087870694203662,0.731673334601301,0.7919619473609927,0.8163501413709368,0.7618176409811468
0.15,0.85,0.0,0.8239132133215074,0.8088178149559743,0.731673334601301,0.7856165941336768,0.8163655141387408,0.7586449643674888
0.25,0.25,0.5,0.8239132133215074,0.8089077938714614,0.731673334601301,0.7913137353717328,0.8164105035964844,0.7614935349865168
0.6,0.2,0.2,0.8239132133215074,0.8089634960786856,0.731673334601301,0.7892424152697056,0.8164383547000964,0.7604578749355033
0.45,0.1,0.45,0.8239132133215074,0.8090465525671805,0.731673334601301,0.7916063319083128,0.8164798829443439,0.7616398332548069
0.15,0.45,0.4,0.8239132133215074,0.8090836187270025,0.731673334601301,0.7894021238217174,0.816498416024255,0.7605377292115092
0.5,0.1,0.4,0.8239132133215074,0.8091541029205982,0.731673334601301,0.7911082895981628,0.8165336581210527,0.7613908120997319
0.4,0.1,0.5,0.8239132133215074,0.8094029167491562,0.731673334601301,0.791724649767974,0.8166580650353318,0.7616989921846375
0.65,0.35,0.0,0.8239132133215074,0.8094810236896852,0.731673334601301,0.7868756881091084,0.8166971185055962,0.7592745113552046
0.2,0.3,0.5,0.8239132133215074,0.8096441639948145,0.731673334601301,0.7904365091782951,0.816778688658161,0.7610549218897981
0.65,0.3,0.05,0.8239132133215074,0.8097004603272254,0.731673334601301,0.787217456226191,0.8168068368243664,0.759445395413746
0.1,0.7,0.2,0.8239132133215074,0.8097082854580575,0.731673334601301,0.7865536080581431,0.8168107493897825,0.7591134713297221
0.55,0.1,0.35,0.8239132133215074,0.8097253829535273,0.731673334601301,0.7902401584681297,0.8168192981375173,0.7609567465347153
0.1,0.65,0.25,0.8239132133215074,0.8097480630416998,0.731673334601301,0.7870151282708471,0.8168306381816035,0.7593442314360741
0.6,0.15,0.25,0.8239132133215074,0.8097779462609059,0.731673334601301,0.7891894618996916,0.8168455797912066,0.7604313982504963
0.1,0.75,0.15,0.8239132133215074,0.8098365315078674,0.731673334601301,0.7859858605018567,0.8168748724146874,0.7588295975515789
0.15,0.4,0.45,0.8239132133215074,0.8098731937256998,0.731673334601301,0.7893629422242798,0.8168932035236036,0.7605181384127904
0.1,0.6,0.3,0.8239132133215074,0.8099558395034667,0.731673334601301,0.7873668997062935,0.816934526412487,0.7595201171537973
0.3,0.15,0.55,0.8239132133215074,0.8099803394926297,0.731673334601301,0.791375459140492,0.8169467764070686,0.7615243968708965
0.65,0.25,0.1,0.8239132133215074,0.8100878109687641,0.731673334601301,0.7874479408709479,0.8170005121451358,0.7595606377361245
0.1,0.8,0.1,0.8239132133215074,0.8101327213954406,0.731673334601301,0.7853154339425829,0.8170229673584739,0.7584943842719419
0.25,0.2,0.55,0.8239132133215074,0.8101883340438749,0.731673334601301,0.7909206399794747,0.8170507736826911,0.7612969872903879
0.35,0.1,0.55,0.8239132133215074,0.8102225833293243,0.731673334601301,0.7914550562020193,0.8170678983254158,0.7615641954016601
0.1,0.55,0.35,0.8239132133215074,0.8103314856139859,0.731673334601301,0.7876054388433953,0.8171223494677466,0.7596393867223481
0.45,0.05,0.5,0.8239132133215074,0.8104684509904999,0.731673334601301,0.7911101645516035,0.8171908321560036,0.7613917495764523
0.5,0.05,0.45,0.8239132133215074,0.8104853030363645,0.731673334601301,0.7906804806253973,0.8171992581789359,0.7611769076133492
0.1,0.85,0.05,0.8239132133215074,0.8105966710220905,0.731673334601301,0.7845458931220749,0.817254942171799,0.758109613861688
0.65,0.2,0.15,0.8239132133215074,0.8106428349105609,0.731673334601301,0.7875638062483056,0.8172780241160341,0.7596185704248033
0.6,0.1,0.3,0.8239132133215074,0.810759412402246,0.731673334601301,0.789012896093532,0.8173363128618767,0.7603431153474165
0.15,0.35,0.5,0.8239132133215074,0.8108298193974932,0.731673334601301,0.7891985529452802,0.8173715163595003,0.7604359437732906
0.2,0.25,0.55,0.8239132133215074,0.8108462205038786,0.731673334601301,0.7900953280636148,0.817379716912693,0.7608843313324579
0.1,0.5,0.4,0.8239132133215074,0.8108747680712461,0.731673334601301,0.7877273115444636,0.8173939906963767,0.7597003230728823
0.4,0.05,0.55,0.8239132133215074,0.8109146620560842,0.731673334601301,0.7911562670523538,0.8174139376887958,0.7614148008268273
0.55,0.05,0.4,0.8239132133215074,0.810965189326,0.731673334601301,0.7898766830046549,0.8174392013237537,0.7607750088029779
0.1,0.9,0.0,0.8239132133215074,0.8112280925573467,0.731673334601301,0.7836808092056037,0.8175706529394271,0.7576770719034523
0.65,0.15,0.2,0.8239132133215074,0.811365188055983,0.731673334601301,0.787561776055964,0.8176392006887452,0.7596175553286325
0.3,0.1,0.6,0.8239132133215074,0.8115041484214645,0.731673334601301,0.7907909266819326,0.817708680871486,0.7612321306416168
0.1,0.45,0.45,0.8239132133215074,0.8115853502235288,0.731673334601301,0.787729144949724,0.817749281772518,0.7597012397755125
0.25,0.15,0.6,0.8239132133215074,0.811634506746237,0.731673334601301,0.7903927924979752,0.8177738600338722,0.7610330635496381
0.35,0.05,0.6,0.8239132133215074,0.8118231726784637,0.731673334601301,0.7908108092597645,0.8178681929999856,0.7612420719305328
0.6,0.05,0.35,0.8239132133215074,0.8119072888161326,0.731673334601301,0.7887096017350536,0.81791025106882,0.7601914681681773
0.15,0.3,0.55,0.8239132133215074,0.81195290529593,0.731673334601301,0.78890575621825,0.8179330593087186,0.7602895454097756
0.5,0.0,0.5,0.8239132133215074,0.8119819018231138,0.731673334601301,0.7901183063942461,0.8179475575723105,0.7608958204977736
0.7,0.3,0.0,0.8239132133215074,0.8120215157632734,0.731673334601301,0.7851286402556308,0.8179673645423904,0.7584009874284658
0.45,0.0,0.55,0.8239132133215074,0.8120554255509069,0.731673334601301,0.7904775368719633,0.8179843194362071,0.7610754357366322
0.2,0.2,0.6,0.8239132133215074,0.8122140312784619,0.731673334601301,0.7896209449675636,0.8180636222999846,0.7606471397844323
0.05,0.7,0.25,0.8239132133215074,0.8122186733208854,0.731673334601301,0.7849047960060913,0.8180659433211963,0.7582890653036962
0.65,0.1,0.25,0.8239132133215074,0.8122544239781241,0.731673334601301,0.7874386452029951,0.8180838186498157,0.759555989902148
0.05,0.75,0.2,0.8239132133215074,0.8122562107186463,0.731673334601301,0.7844140265933705,0.8180847120200768,0.7580436805973357
0.7,0.25,0.05,0.8239132133215074,0.8123174542154911,0.731673334601301,0.7854004607661804,0.8181153337684992,0.7585368976837408
0.05,0.65,0.3,0.8239132133215074,0.8123486400658816,0.731673334601301,0.785287751672494,0.8181309266936945,0.7584805431368975
0.55,0.0,0.45,0.8239132133215074,0.8123706045171116,0.731673334601301,0.7893810877374648,0.8181419089193095,0.7605272111693829
0.05,0.8,0.15,0.8239132133215074,0.8124612290420461,0.731673334601301,0.7838189437685837,0.8181872211817767,0.7577461391849424
0.1,0.4,0.5,0.8239132133215074,0.8124627931086581,0.731673334601301,0.7876076397472493,0.8181880032150828,0.7596404871742752
0.4,0.0,0.6,0.8239132133215074,0.8125910502329253,0.731673334601301,0.7904494969092181,0.8182521317772163,0.7610614157552595
0.05,0.6,0.35,0.8239132133215074,0.8126460305866627,0.731673334601301,0.7855594268323656,0.8182796219540851,0.7586163807168333
0.7,0.2,0.1,0.8239132133215074,0.812780701708285,0.731673334601301,0.785560220646866,0.8183469575148962,0.7586167776240835
0.05,0.85,0.1,0.8239132133215074,0.8128336015616197,0.731673334601301,0.783123070750169,0.8183734074415635,0.757398202675735
0.05,0.55,0.4,0.8239132133215074,0.8131106611804166,0.731673334601301,0.7857163994607165,0.8185119372509619,0.7586948670310087
0.3,0.05,0.65,0.8239132133215074,0.8131924333953926,0.731673334601301,0.7900674140370413,0.81855282335845,0.7608703743191711
0.6,0.0,0.4,0.8239132133215074,0.8132208708292687,0.731673334601301,0.788276565619101,0.8185670420753881,0.759974950110201
0.15,0.25,0.6,0.8239132133215074,0.813241761777182,0.731673334601301,0.7884814571281925,0.8185774875493447,0.7600773958647468
0.25,0.1,0.65,0.8239132133215074,0.8132454283592678,0.731673334601301,0.789727297316199,0.8185793208403875,0.76070031595875
0.65,0.05,0.3,0.8239132133215074,0.8133099952911995,0.731673334601301,0.7871912918294486,0.8186116043063534,0.7594323132153749
0.05,0.9,0.05,0.8239132133215074,0.8133730984267791,0.731673334601301,0.7823299434540449,0.8186431558741432,0.757001639027673
0.7,0.15,0.15,0.8239132133215074,0.8134109723880734,0.731673334601301,0.7856046614986419,0.8186620928547903,0.7586389980499715
0.1,0.35,0.55,0.8239132133215074,0.8135065568021072,0.731673334601301,0.7873595827631863,0.8187098850618073,0.7595164586822436
0.35,0.0,0.65,0.8239132133215074,0.8135878631987038,0.731673334601301,0.7900264328095337,0.8187505382601056,0.7608498837054174
0.05,0.5,0.45,0.8239132133215074,0.8137422453749547,0.731673334601301,0.7857553038619782,0.818827729348231,0.7587143192316397
0.2,0.15,0.65,0.8239132133215074,0.8137467604798311,0.731673334601301,0.789010418545753,0.8188299869006692,0.760341876573527
0.05,0.95,0.0,0.8239132133215074,0.8140793873737052,0.731673334601301,0.7814431008355578,0.8189963003476063,0.7565582177184293
0.7,0.1,0.2,0.8239132133215074,0.8142078783817027,0.731673334601301,0.7855305897068676,0.819060545851605,0.7586019621540843
0.65,0.0,0.35,0.8239132133215074,0.8145312553209553,0.731673334601301,0.7868166895688463,0.8192222343212313,0.7592450120850737
0.05,0.45,0.5,0.8239132133215074,0.8145403948093151,0.731673334601301,0.785672842652216,0.8192268040654112,0.7586730886267585
0.15,0.2,0.65,0.8239132133215074,0.8146956020895361,0.731673334601301,0.7879226788366418,0.8193044077055217,0.7597980067189714
0.1,0.3,0.6,0.8239132133215074,0.8147160020643641,0.731673334601301,0.7869818598103612,0.8193146076929357,0.7593275972058311
0.75,0.25,0.0,0.8239132133215074,0.815001734255645,0.731673334601301,0.7830465400049205,0.8194574737885763,0.7573599373031108
0.25,0.05,0.7,0.8239132133215074,0.8150201219840612,0.731673334601301,0.7889214024655496,0.8194666676527842,0.7602973685334253
0.3,0.0,0.7,0.8239132133215074,0.815044172326517,0.731673334601301,0.7892022310989336,0.8194786928240122,0.7604377828501173
0.0,0.75,0.25,0.8239132133215074,0.8151293709656982,0.731673334601301,0.7824810504488054,0.8195212921436028,0.7570771925250532
0.7,0.05,0.25,0.8239132133215074,0.8151709309844037,0.731673334601301,0.785334888082463,0.8195420721529556,0.758504111341882
0.0,0.7,0.3,0.8239132133215074,0.8151819640524752,0.731673334601301,0.7828910037924416,0.8195475886869913,0.7572821691968713
0.0,0.8,0.2,0.8239132133215074,0.8152436854039669,0.731673334601301,0.7819652739227463,0.8195784493627372,0.7568193042620237
0.75,0.2,0.05,0.8239132133215074,0.8153734897705429,0.731673334601301,0.7832457112219233,0.8196433515460251,0.7574595229116121
0.0,0.65,0.35,0.8239132133215074,0.81540143236788,0.731673334601301,0.7831916925355427,0.8196573228446937,0.7574325135684219
0.2,0.1,0.7,0.8239132133215074,0.8154434781533617,0.731673334601301,0.7882609450136431,0.8196783457374346,0.7599671398074721
0.05,0.4,0.55,0.8239132133215074,0.8155046204222145,0.731673334601301,0.7854657990776488,0.819708916871861,0.758569566839475
0.0,0.85,0.15,0.8239132133215074,0.8155248371795754,0.731673334601301,0.781347145151557,0.8197190252505413,0.756510239876429
0.0,0.6,0.4,0.8239132133215074,0.8157876412304572,0.731673334601301,0.783379715609555,0.8198504272759823,0.757526525105428
0.75,0.15,0.1,0.8239132133215074,0.8159118500715024,0.731673334601301,0.7833321909158448,0.8199125316965048,0.7575027627585729
0.0,0.9,0.1,0.8239132133215074,0.8159726538359768,0.731673334601301,0.7806301542355784,0.819942933578742,0.7561517444184397
0.1,0.25,0.65,0.8239132133215074,0.8160903922759325,0.731673334601301,0.7864714687267373,0.8200018027987199,0.7590724016640191
0.7,0.0,0.3,0.8239132133215074,0.816299542147825,0.731673334601301,0.7850145277666933,0.8201063777346662,0.7583439311839972
0.15,0.15,0.7,0.8239132133215074,0.8163135447334142,0.731673334601301,0.7872265758919427,0.8201133790274608,0.7594499552466218
0.0,0.55,0.45,0.8239132133215074,0.8163403539864603,0.731673334601301,0.7834517235648004,0.8201267836539838,0.7575625290830508
0.0,0.95,0.05,0.8239132133215074,0.8165868611758974,0.731673334601301,0.7798178005852907,0.8202500372487024,0.7557455675932958
0.75,0.1,0.15,0.8239132133215074,0.8166164856523735,0.731673334601301,0.783302806416009,0.8202648494869405,0.7574880705086551
0.05,0.35,0.6,0.8239132133215074,0.8166343339399029,0.731673334601301,0.7851310496110607,0.8202737736307051,0.7584021921061809
0.25,0.0,0.75,0.8239132133215074,0.816957520325385,0.731673334601301,0.787972513019556,0.8204353668234462,0.7598229238104285
0.0,0.5,0.5,0.8239132133215074,0.8170592327333123,0.731673334601301,0.7834044302369726,0.8204862230274098,0.7575388824191368
0.2,0.05,0.75,0.8239132133215074,0.8173031629817101,0.731673334601301,0.7873698715296236,0.8206081881516087,0.7595216030654623
0.0,1.0,0.0,0.8239132133215074,0.8173670840985127,0.731673334601301,0.7789135835945606,0.82064014871001,0.7552934590979308
0.75,0.05,0.2,0.8239132133215074,0.8174869665486955,0.731673334601301,0.7831544549939274,0.8207000899351014,0.7574138947976142
0.1,0.2,0.7,0.8239132133215074,0.8176288956464621,0.731673334601301,0.7858255325288775,0.8207710544839848,0.7587494335650893
0.05,0.3,0.65,0.8239132133215074,0.8179288496529394,0.731673334601301,0.7846655767611461,0.8209210314872234,0.7581694556812235
0.0,0.45,0.55,0.8239132133215074,0.8179438393486326,0.731673334601301,0.7832346247624941,0.82092852633507,0.7574539796818975
0.15,0.1,0.75,0.8239132133215074,0.818094616075705,0.731673334601301,0.7863904475406909,0.8210039146986061,0.7590318910709959
0.8,0.2,0.0,0.8239132133215074,0.8184168754646837,0.731673334601301,0.7806350070156272,0.8211650443930956,0.756154170808464
0.75,0.0,0.25,0.8239132133215074,0.8185227636421397,0.731673334601301,0.782884115381691,0.8212179884818236,0.7572787249914961
0.8,0.15,0.05,0.8239132133215074,0.8188636514380723,0.731673334601301,0.7807591462774879,0.8213884323797898,0.7562162404393944
0.0,0.4,0.6,0.8239132133215074,0.8189936368175507,0.731673334601301,0.7829391838878489,0.821453425069529,0.757306259244575
0.2,0.0,0.8,0.8239132133215074,0.8193247052680562,0.731673334601301,0.7863347094514536,0.8216189592947818,0.7590040220263773
0.1,0.15,0.75,0.8239132133215074,0.8193305876828011,0.731673334601301,0.7850413125996382,0.8216219005021542,0.7583573236004696
0.05,0.25,0.7,0.8239132133215074,0.819387386469499,0.731673334601301,0.7840664820234831,0.8216502998955032,0.7578699083123921
0.8,0.1,0.1,0.8239132133215074,0.8194762324394973,0.731673334601301,0.7807701152089005,0.8216947228805023,0.7562217249051008
0.15,0.05,0.8,0.8239132133215074,0.8200377532007305,0.731673334601301,0.7854117509510768,0.8219754832611189,0.7585425427761889
0.0,0.35,0.65,0.8239132133215074,0.8202079908489784,0.731673334601301,0.7825150845115434,0.8220606020852429,0.7570942095564221
0.8,0.05,0.15,0.8239132133215074,0.8202542469902834,0.731673334601301,0.7806648346462174,0.8220837301558954,0.7561690846237592
0.05,0.2,0.75,0.8239132133215074,0.8210090702310632,0.731673334601301,0.7833309988958788,0.8224611417762853,0.75750216674859
0.1,0.1,0.8,0.8239132133215074,0.8211944538992325,0.731673334601301,0.7841162218239444,0.8225538336103699,0.7578947782126226
0.8,0.0,0.2,0.8239132133215074,0.8211972248878975,0.731673334601301,0.7804403003407422,0.8225552191047024,0.7560568174710216
0.0,0.3,0.7,0.8239132133215074,0.8215861717695965,0.731673334601301,0.7819594163910659,0.822749692545552,0.7568163754961834
0.15,0.0,0.85,0.8239132133215074,0.8221418069789252,0.731673334601301,0.7842881142543356,0.8230275101502162,0.7579807244278183
0.85,0.15,0.0,0.8239132133215074,0.8222615202473503,0.731673334601301,0.7779008728492978,0.8230873667844288,0.7547871037252993
0.85,0.1,0.05,0.8239132133215074,0.8227824146764643,0.731673334601301,0.7779479302215369,0.8233478139989858,0.754810632411419
0.05,0.15,0.8,0.8239132133215074,0.8227929362747696,0.731673334601301,0.7824565058753113,0.8233530747981385,0.7570649202383062
0.0,0.25,0.75,0.8239132133215074,0.8231273566825168,0.731673334601301,0.7812693949412501,0.823520285002012,0.7564713647712755
0.1,0.05,0.85,0.8239132133215074,0.823219392751833,0.731673334601301,0.7830478375817481,0.8235663030366702,0.7573605860915246
0.85,0.05,0.1,0.8239132133215074,0.8234682230710582,0.731673334601301,0.7778814952036817,0.8236907181962827,0.7547774149024913
0.85,0.0,0.15,0.8239132133215074,0.8243185338207567,0.731673334601301,0.7776985892878773,0.824115873571132,0.7546859619445891
0.05,0.1,0.85,0.8239132133215074,0.8247379322252995,0.731673334601301,0.7814405393488112,0.8243255727734033,0.7565569369750561
0.0,0.2,0.8,0.8239132133215074,0.8248306318759608,0.731673334601301,0.7804423740448813,0.824371922598734,0.7560578543230911
0.1,0.0,0.9,0.8239132133215074,0.8254042187777804,0.731673334601301,0.7818339145033106,0.8246587160496439,0.7567536245523059
0.9,0.1,0.0,0.8239132133215074,0.8265296750522836,0.731673334601301,0.7748521143937711,0.8252214441868955,0.7532627244975361
0.0,0.15,0.85,0.8239132133215074,0.8266949954658429,0.731673334601301,0.7794758587913746,0.8253041043936751,0.7555745966963379
0.05,0.05,0.9,0.8239132133215074,0.826842920997992,0.731673334601301,0.7802808062864003,0.8253780671597497,0.7559770704438507
0.9,0.05,0.05,0.8239132133215074,0.8271236875967314,0.731673334601301,0.7748203824640628,0.8255184504591193,0.7532468585326819
0.9,0.0,0.1,0.8239132133215074,0.8278816362927858,0.731673334601301,0.7746749962599281,0.8258974248071466,0.7531741654306146
0.0,0.1,0.9,0.8239132133215074,0.8287193602548855,0.731673334601301,0.7783675180549732,0.8263162867881964,0.755020426328137
0.05,0.0,0.95,0.8239132133215074,0.8291066839938898,0.731673334601301,0.7789751966408687,0.8265099486576986,0.7553242656210848
0.0,0.05,0.95,0.8239132133215074,0.8309025567898358,0.731673334601301,0.7771151968203123,0.8274078850556716,0.7543942657108067
0.95,0.05,0.0,0.8239132133215074,0.8312148159369063,0.731673334601301,0.7714977766072904,0.8275640146292068,0.7515855556042956
0.95,0.0,0.05,0.8239132133215074,0.8318808554684013,0.731673334601301,0.7713858963197394,0.8278970343949543,0.7515296154605202
0.0,0.0,1.0,0.8239132133215074,0.833243336597497,0.731673334601301,0.7757169281604744,0.8285782749595022,0.7536951313808877
1.0,0.0,0.0,0.8239132133215074,0.8363099348641375,0.731673334601301,0.7678478860688849,0.8301115740928224,0.7497606103350929
