song_id,valence,arousal,true_valence,true_arousal,w_valence_cnn_optimized,w_valence_cnn_baseline,w_valence_crnn_v2,w_arousal_cnn_optimized,w_arousal_cnn_baseline,w_arousal_crnn_v2
3,4.285378074645996,4.184223484992981,3.5,3.299999952316284,0.3,0.3,0.4,0.55,0.05,0.4
21,5.187899541854859,5.201717758178711,6.599999904632568,6.300000190734863,0.3,0.3,0.4,0.55,0.05,0.4
22,4.798578596115113,4.762819170951843,4.0,4.800000190734863,0.3,0.3,0.4,0.55,0.05,0.4
37,5.601655721664429,5.690212154388428,6.599999904632568,5.300000190734863,0.3,0.3,0.4,0.55,0.05,0.4
39,6.0051990985870365,6.050381231307984,7.300000190734863,5.400000095367432,0.3,0.3,0.4,0.55,0.05,0.4
52,5.100027179718018,5.087724852561951,4.599999904632568,5.099999904632568,0.3,0.3,0.4,0.55,0.05,0.4
59,5.40785026550293,5.401750993728638,5.300000190734863,4.099999904632568,0.3,0.3,0.4,0.55,0.05,0.4
87,4.33561487197876,4.27165002822876,5.300000190734863,2.5999999046325684,0.3,0.3,0.4,0.55,0.05,0.4
113,5.156225776672364,5.185464477539063,5.400000095367432,3.799999952316284,0.3,0.3,0.4,0.55,0.05,0.4
117,4.682068300247193,4.622144174575806,3.900000095367432,5.0,0.3,0.3,0.4,0.55,0.05,0.4
121,4.5422841072082525,4.316422486305238,3.0999999046325684,3.900000095367432,0.3,0.3,0.4,0.55,0.05,0.4
124,4.128025054931641,4.0503698825836185,3.700000047683716,2.799999952316284,0.3,0.3,0.4,0.55,0.05,0.4
140,4.208564567565918,4.178007364273071,4.199999809265137,4.5,0.3,0.3,0.4,0.55,0.05,0.4
151,3.4344206809997555,3.2119048595428468,4.0,4.5,0.3,0.3,0.4,0.55,0.05,0.4
152,5.419492149353028,5.399701929092408,4.400000095367432,5.599999904632568,0.3,0.3,0.4,0.55,0.05,0.4
160,4.299926900863648,4.288822841644287,3.5,3.5,0.3,0.3,0.4,0.55,0.05,0.4
164,3.2502710819244385,3.0513626575469974,4.099999904632568,2.900000095367432,0.3,0.3,0.4,0.55,0.05,0.4
174,4.187566471099854,4.18246123790741,4.0,3.799999952316284,0.3,0.3,0.4,0.55,0.05,0.4
193,4.520671224594116,4.480105066299439,4.099999904632568,3.0,0.3,0.3,0.4,0.55,0.05,0.4
198,2.933499479293823,2.7394726037979127,1.899999976158142,3.299999952316284,0.3,0.3,0.4,0.55,0.05,0.4
219,3.8269779205322263,3.698331105709076,2.400000095367432,3.799999952316284,0.3,0.3,0.4,0.55,0.05,0.4
220,4.578892803192139,4.481779336929322,4.099999904632568,3.400000095367432,0.3,0.3,0.4,0.55,0.05,0.4
222,3.9004377365112304,3.8022179126739504,3.799999952316284,4.300000190734863,0.3,0.3,0.4,0.55,0.05,0.4
231,5.663730335235596,5.764694857597352,4.099999904632568,5.599999904632568,0.3,0.3,0.4,0.55,0.05,0.4
234,4.0765656471252445,3.9833993911743164,3.5,3.900000095367432,0.3,0.3,0.4,0.55,0.05,0.4
235,3.6056501150131224,3.4903531789779665,3.0,3.700000047683716,0.3,0.3,0.4,0.55,0.05,0.4
236,3.7776782512664795,3.641997992992401,2.5,2.400000095367432,0.3,0.3,0.4,0.55,0.05,0.4
239,3.043584179878235,2.8432306885719303,2.299999952316284,3.299999952316284,0.3,0.3,0.4,0.55,0.05,0.4
240,5.781896162033081,5.9233242034912115,6.400000095367432,6.599999904632568,0.3,0.3,0.4,0.55,0.05,0.4
253,4.879522895812989,4.895443344116211,6.599999904632568,2.5,0.3,0.3,0.4,0.55,0.05,0.4
258,3.6864649772644045,3.456171417236328,4.300000190734863,4.300000190734863,0.3,0.3,0.4,0.55,0.05,0.4
275,5.0337443351745605,5.012230610847474,5.300000190734863,5.5,0.3,0.3,0.4,0.55,0.05,0.4
289,4.834666967391968,4.827894759178162,5.699999809265137,6.699999809265137,0.3,0.3,0.4,0.55,0.05,0.4
296,5.249291515350342,5.343096709251404,5.900000095367432,5.699999809265137,0.3,0.3,0.4,0.55,0.05,0.4
302,5.307410478591919,5.335516476631165,6.599999904632568,7.0,0.3,0.3,0.4,0.55,0.05,0.4
319,4.965871047973633,5.021679615974427,4.5,6.599999904632568,0.3,0.3,0.4,0.55,0.05,0.4
326,5.451632642745972,5.462508749961853,5.400000095367432,7.199999809265137,0.3,0.3,0.4,0.55,0.05,0.4
329,3.953849697113037,3.8146547555923465,3.299999952316284,4.199999809265137,0.3,0.3,0.4,0.55,0.05,0.4
340,4.687493515014649,4.665094494819642,3.799999952316284,4.599999904632568,0.3,0.3,0.4,0.55,0.05,0.4
345,5.820374917984009,5.8799272060394285,7.199999809265137,6.5,0.3,0.3,0.4,0.55,0.05,0.4
347,4.948633670806885,4.96606845855713,3.819999933242798,5.820000171661377,0.3,0.3,0.4,0.55,0.05,0.4
369,4.124602890014649,3.9372556209564213,2.900000095367432,3.400000095367432,0.3,0.3,0.4,0.55,0.05,0.4
371,4.896210193634033,4.834908103942872,5.199999809265137,6.599999904632568,0.3,0.3,0.4,0.55,0.05,0.4
390,5.618261384963989,5.713097381591798,5.699999809265137,6.199999809265137,0.3,0.3,0.4,0.55,0.05,0.4
400,5.041382503509522,4.999460554122925,5.099999904632568,5.599999904632568,0.3,0.3,0.4,0.55,0.05,0.4
406,5.365370607376099,5.448743414878846,5.300000190734863,4.300000190734863,0.3,0.3,0.4,0.55,0.05,0.4
458,5.3510785579681395,5.240923857688904,3.400000095367432,5.0,0.3,0.3,0.4,0.55,0.05,0.4
459,4.769314336776733,4.731789994239808,6.300000190734863,6.099999904632568,0.3,0.3,0.4,0.55,0.05,0.4
464,4.9959502696990965,4.964894509315491,5.099999904632568,5.599999904632568,0.3,0.3,0.4,0.55,0.05,0.4
466,5.7780280113220215,5.763530611991882,6.599999904632568,5.900000095367432,0.3,0.3,0.4,0.55,0.05,0.4
468,3.8498828887939456,3.7768148183822627,3.5999999046325684,3.400000095367432,0.3,0.3,0.4,0.55,0.05,0.4
475,5.506237506866455,5.499855732917786,5.599999904632568,5.0,0.3,0.3,0.4,0.55,0.05,0.4
477,6.57199673652649,6.686860585212709,7.099999904632568,7.199999809265137,0.3,0.3,0.4,0.55,0.05,0.4
482,3.345481276512146,3.1332873344421386,1.899999976158142,3.5,0.3,0.3,0.4,0.55,0.05,0.4
486,5.171849536895752,5.171781158447266,6.199999809265137,5.699999809265137,0.3,0.3,0.4,0.55,0.05,0.4
487,5.265650987625122,5.274327564239503,4.5,5.300000190734863,0.3,0.3,0.4,0.55,0.05,0.4
493,4.796657609939576,4.728965568542481,3.700000047683716,4.900000095367432,0.3,0.3,0.4,0.55,0.05,0.4
507,4.660497188568115,4.633677291870118,4.900000095367432,4.800000190734863,0.3,0.3,0.4,0.55,0.05,0.4
551,4.4654356956481935,4.395352435112001,3.200000047683716,4.0,0.3,0.3,0.4,0.55,0.05,0.4
581,5.596169424057007,5.576123833656311,5.300000190734863,6.0,0.3,0.3,0.4,0.55,0.05,0.4
586,5.435571384429932,5.500689911842347,5.199999809265137,5.900000095367432,0.3,0.3,0.4,0.55,0.05,0.4
597,4.7900184154510494,4.776779961585999,4.800000190734863,6.400000095367432,0.3,0.3,0.4,0.55,0.05,0.4
605,5.275130081176758,5.268903732299805,4.400000095367432,6.0,0.3,0.3,0.4,0.55,0.05,0.4
613,4.403512620925903,4.397045898437501,5.199999809265137,6.800000190734863,0.3,0.3,0.4,0.55,0.05,0.4
628,5.829551649093628,6.027834987640381,4.900000095367432,6.800000190734863,0.3,0.3,0.4,0.55,0.05,0.4
639,5.82077317237854,5.880718111991883,6.099999904632568,6.300000190734863,0.3,0.3,0.4,0.55,0.05,0.4
651,6.032938528060913,6.207782030105591,6.400000095367432,7.099999904632568,0.3,0.3,0.4,0.55,0.05,0.4
658,4.818444442749024,4.782732748985291,4.400000095367432,5.699999809265137,0.3,0.3,0.4,0.55,0.05,0.4
661,4.17603325843811,4.063677024841309,2.200000047683716,2.799999952316284,0.3,0.3,0.4,0.55,0.05,0.4
673,6.004854154586792,6.110573196411133,6.599999904632568,6.699999809265137,0.3,0.3,0.4,0.55,0.05,0.4
677,5.638668155670166,5.654728794097901,6.5,5.300000190734863,0.3,0.3,0.4,0.55,0.05,0.4
698,4.136146593093873,4.004208445549011,3.900000095367432,3.700000047683716,0.3,0.3,0.4,0.55,0.05,0.4
717,4.815393781661987,4.739460897445679,4.5,4.900000095367432,0.3,0.3,0.4,0.55,0.05,0.4
724,5.9918303966522215,6.142043328285218,6.0,6.099999904632568,0.3,0.3,0.4,0.55,0.05,0.4
725,5.795967769622803,5.928568196296692,5.099999904632568,5.099999904632568,0.3,0.3,0.4,0.55,0.05,0.4
726,5.35401382446289,5.372370266914369,7.0,3.5999999046325684,0.3,0.3,0.4,0.55,0.05,0.4
727,3.868967962265015,3.758683919906616,4.300000190734863,4.5,0.3,0.3,0.4,0.55,0.05,0.4
739,6.058738088607789,6.175583338737488,6.199999809265137,6.900000095367432,0.3,0.3,0.4,0.55,0.05,0.4
759,5.747084903717041,5.794838070869446,6.699999809265137,5.900000095367432,0.3,0.3,0.4,0.55,0.05,0.4
777,5.478489637374878,5.513660430908204,6.199999809265137,5.099999904632568,0.3,0.3,0.4,0.55,0.05,0.4
790,5.682643127441406,5.655467581748963,7.199999809265137,5.400000095367432,0.3,0.3,0.4,0.55,0.05,0.4
796,5.1556024074554445,5.151839780807496,5.199999809265137,5.099999904632568,0.3,0.3,0.4,0.55,0.05,0.4
815,5.237004375457764,5.367920708656311,5.5,5.900000095367432,0.3,0.3,0.4,0.55,0.05,0.4
824,5.826500701904297,5.913011002540589,7.199999809265137,7.0,0.3,0.3,0.4,0.55,0.05,0.4
839,4.9024663925170895,4.94529082775116,5.699999809265137,4.400000095367432,0.3,0.3,0.4,0.55,0.05,0.4
841,4.74770793914795,4.68800494670868,4.199999809265137,4.699999809265137,0.3,0.3,0.4,0.55,0.05,0.4
846,4.902927017211915,4.888358545303345,6.0,5.5,0.3,0.3,0.4,0.55,0.05,0.4
848,4.182517766952515,4.113314056396485,2.200000047683716,2.700000047683716,0.3,0.3,0.4,0.55,0.05,0.4
850,4.842716932296753,4.81217725276947,3.5999999046325684,3.0999999046325684,0.3,0.3,0.4,0.55,0.05,0.4
851,4.7112880706787115,4.657935214042664,5.0,4.400000095367432,0.3,0.3,0.4,0.55,0.05,0.4
871,5.208398628234863,5.088225913047791,6.400000095367432,6.0,0.3,0.3,0.4,0.55,0.05,0.4
899,4.901678514480591,4.930610466003419,5.300000190734863,6.300000190734863,0.3,0.3,0.4,0.55,0.05,0.4
903,5.509808731079102,5.599947834014893,5.900000095367432,5.599999904632568,0.3,0.3,0.4,0.55,0.05,0.4
909,5.414727735519409,5.449740362167359,6.0,5.5,0.3,0.3,0.4,0.55,0.05,0.4
934,5.4568352699279785,5.545369791984559,6.199999809265137,6.400000095367432,0.3,0.3,0.4,0.55,0.05,0.4
936,5.631555795669556,5.713226246833801,5.400000095367432,4.699999809265137,0.3,0.3,0.4,0.55,0.05,0.4
941,5.922169542312622,5.961469650268556,7.199999809265137,5.900000095367432,0.3,0.3,0.4,0.55,0.05,0.4
955,3.862467694282532,3.6110524177551273,3.799999952316284,5.599999904632568,0.3,0.3,0.4,0.55,0.05,0.4
968,4.423880720138549,4.316324090957642,3.799999952316284,3.200000047683716,0.3,0.3,0.4,0.55,0.05,0.4
978,6.20951828956604,6.274066281318665,7.699999809265137,6.099999904632568,0.3,0.3,0.4,0.55,0.05,0.4
983,6.391191864013672,6.550608611106873,4.800000190734863,6.300000190734863,0.3,0.3,0.4,0.55,0.05,0.4
999,5.179727792739868,5.2119634628295906,4.099999904632568,5.900000095367432,0.3,0.3,0.4,0.55,0.05,0.4
1004,4.519155979156494,4.457190370559693,3.799999952316284,4.699999809265137,0.3,0.3,0.4,0.55,0.05,0.4
1005,5.000001049041748,5.014500093460083,5.400000095367432,5.099999904632568,0.3,0.3,0.4,0.55,0.05,0.4
1008,4.440752363204956,4.346274018287659,6.0,5.400000095367432,0.3,0.3,0.4,0.55,0.05,0.4
1020,4.464109086990357,4.251122283935547,3.400000095367432,2.5,0.3,0.3,0.4,0.55,0.05,0.4
1023,3.5088115692138673,3.3298928380012516,2.900000095367432,2.299999952316284,0.3,0.3,0.4,0.55,0.05,0.4
1026,3.5089744329452515,3.2665027141571046,3.700000047683716,2.799999952316284,0.3,0.3,0.4,0.55,0.05,0.4
1032,4.101975202560425,3.9941501140594484,3.299999952316284,4.099999904632568,0.3,0.3,0.4,0.55,0.05,0.4
1033,4.782955503463746,4.741940736770631,5.300000190734863,5.599999904632568,0.3,0.3,0.4,0.55,0.05,0.4
1036,4.215439891815185,4.104983568191528,4.800000190734863,3.0,0.3,0.3,0.4,0.55,0.05,0.4
1048,5.563340473175049,5.644323039054871,5.0,6.699999809265137,0.3,0.3,0.4,0.55,0.05,0.4
1051,3.889674663543701,3.7240588665008545,5.199999809265137,5.300000190734863,0.3,0.3,0.4,0.55,0.05,0.4
1052,4.519731712341309,4.488057780265809,5.5,6.599999904632568,0.3,0.3,0.4,0.55,0.05,0.4
1061,5.72509765625,5.725873303413391,6.5,6.199999809265137,0.3,0.3,0.4,0.55,0.05,0.4
1062,5.05550742149353,5.023768043518067,4.099999904632568,4.300000190734863,0.3,0.3,0.4,0.55,0.05,0.4
1072,5.748761415481567,5.820453548431397,6.300000190734863,5.5,0.3,0.3,0.4,0.55,0.05,0.4
1088,6.7716841220855715,6.759995388984681,7.300000190734863,6.599999904632568,0.3,0.3,0.4,0.55,0.05,0.4
1092,5.525586938858032,5.539369988441468,5.800000190734863,6.300000190734863,0.3,0.3,0.4,0.55,0.05,0.4
1097,5.349000310897827,5.391525840759278,5.5,5.400000095367432,0.3,0.3,0.4,0.55,0.05,0.4
1111,3.6174510240554807,3.4833216905593876,3.200000047683716,2.900000095367432,0.3,0.3,0.4,0.55,0.05,0.4
1113,3.615514755249023,3.519054996967316,3.400000095367432,3.0,0.3,0.3,0.4,0.55,0.05,0.4
1117,3.8944008350372314,3.7940237760543827,4.199999809265137,3.400000095367432,0.3,0.3,0.4,0.55,0.05,0.4
1120,3.4927775859832764,3.3111223936080934,3.400000095367432,2.799999952316284,0.3,0.3,0.4,0.55,0.05,0.4
1127,3.34163932800293,3.181164610385895,3.400000095367432,3.0,0.3,0.3,0.4,0.55,0.05,0.4
1128,2.9948606729507445,2.7686172366142277,3.700000047683716,2.700000047683716,0.3,0.3,0.4,0.55,0.05,0.4
1135,3.29445641040802,3.143719267845154,3.0999999046325684,2.700000047683716,0.3,0.3,0.4,0.55,0.05,0.4
1140,5.062211608886719,5.131850767135621,5.900000095367432,5.400000095367432,0.3,0.3,0.4,0.55,0.05,0.4
1148,3.8238186120986937,3.683327698707581,3.400000095367432,3.0,0.3,0.3,0.4,0.55,0.05,0.4
1154,3.573039674758911,3.4136587619781498,3.900000095367432,4.400000095367432,0.3,0.3,0.4,0.55,0.05,0.4
1186,3.234113168716431,3.022422003746033,3.700000047683716,1.899999976158142,0.3,0.3,0.4,0.55,0.05,0.4
1208,4.426149559020996,4.32249071598053,6.199999809265137,4.599999904632568,0.3,0.3,0.4,0.55,0.05,0.4
1212,3.4472482442855834,3.257728242874146,3.5,2.700000047683716,0.3,0.3,0.4,0.55,0.05,0.4
1214,5.1990570545196535,5.1944676637649545,6.199999809265137,5.300000190734863,0.3,0.3,0.4,0.55,0.05,0.4
1217,3.3664027452468877,3.1800443887710577,3.900000095367432,2.5999999046325684,0.3,0.3,0.4,0.55,0.05,0.4
1229,5.155346345901489,5.163393187522888,5.199999809265137,4.300000190734863,0.3,0.3,0.4,0.55,0.05,0.4
1232,5.360646438598633,5.452300167083741,6.900000095367432,6.300000190734863,0.3,0.3,0.4,0.55,0.05,0.4
1238,5.348191595077515,5.330227947235108,5.5,5.099999904632568,0.3,0.3,0.4,0.55,0.05,0.4
1252,4.6135382652282715,4.531815743446351,5.199999809265137,5.099999904632568,0.3,0.3,0.4,0.55,0.05,0.4
1269,3.732963299751282,3.546869575977326,3.5,4.400000095367432,0.3,0.3,0.4,0.55,0.05,0.4
1273,5.189505577087402,5.133786225318909,4.800000190734863,5.599999904632568,0.3,0.3,0.4,0.55,0.05,0.4
1274,5.487413835525513,5.499944424629212,6.0,5.400000095367432,0.3,0.3,0.4,0.55,0.05,0.4
1277,3.5180757999420167,3.2955722689628604,2.900000095367432,2.200000047683716,0.3,0.3,0.4,0.55,0.05,0.4
1278,4.934707689285278,4.851500225067139,5.099999904632568,4.099999904632568,0.3,0.3,0.4,0.55,0.05,0.4
1282,5.9526818752288815,6.062397074699402,6.800000190734863,6.400000095367432,0.3,0.3,0.4,0.55,0.05,0.4
1285,5.21757173538208,5.24179904460907,5.099999904632568,4.900000095367432,0.3,0.3,0.4,0.55,0.05,0.4
1295,6.106266593933106,6.303926587104797,6.900000095367432,6.400000095367432,0.3,0.3,0.4,0.55,0.05,0.4
1301,3.076043152809143,2.887638282775879,4.400000095367432,2.799999952316284,0.3,0.3,0.4,0.55,0.05,0.4
1308,5.4936731338500975,5.582042574882508,5.800000190734863,5.300000190734863,0.3,0.3,0.4,0.55,0.05,0.4
1313,4.31248927116394,4.224109840393067,4.199999809265137,3.0,0.3,0.3,0.4,0.55,0.05,0.4
1316,4.69071044921875,4.654226660728455,5.199999809265137,4.0,0.3,0.3,0.4,0.55,0.05,0.4
1321,4.761549186706543,4.711336874961854,4.5,5.699999809265137,0.3,0.3,0.4,0.55,0.05,0.4
1328,3.523512578010559,3.4060446143150336,4.400000095367432,2.700000047683716,0.3,0.3,0.4,0.55,0.05,0.4
1333,4.786965370178223,4.764804458618165,4.5,5.699999809265137,0.3,0.3,0.4,0.55,0.05,0.4
1339,5.164000558853149,5.260059833526611,7.199999809265137,6.800000190734863,0.3,0.3,0.4,0.55,0.05,0.4
1343,5.3227416515350345,5.408147501945496,6.0,5.400000095367432,0.3,0.3,0.4,0.55,0.05,0.4
1352,6.173480606079101,6.345257687568665,6.699999809265137,6.400000095367432,0.3,0.3,0.4,0.55,0.05,0.4
1361,3.800328111648559,3.7139413952827454,4.400000095367432,2.5,0.3,0.3,0.4,0.55,0.05,0.4
1366,5.796191930770874,5.743130803108216,5.400000095367432,6.300000190734863,0.3,0.3,0.4,0.55,0.05,0.4
1380,3.719292712211609,3.582041418552399,4.099999904632568,4.5,0.3,0.3,0.4,0.55,0.05,0.4
1383,4.372507190704346,4.28866367340088,5.599999904632568,3.0,0.3,0.3,0.4,0.55,0.05,0.4
1386,4.566299676895142,4.526268291473389,5.900000095367432,5.0,0.3,0.3,0.4,0.55,0.05,0.4
1387,3.9046122550964353,3.8055617570877076,6.099999904632568,4.5,0.3,0.3,0.4,0.55,0.05,0.4
1393,5.425196552276612,5.417800641059876,6.199999809265137,4.099999904632568,0.3,0.3,0.4,0.55,0.05,0.4
1404,3.619069790840149,3.502978014945984,3.799999952316284,2.700000047683716,0.3,0.3,0.4,0.55,0.05,0.4
1409,4.396251821517945,4.333573532104492,4.900000095367432,3.700000047683716,0.3,0.3,0.4,0.55,0.05,0.4
1410,5.006635951995849,4.985101413726807,6.0,4.400000095367432,0.3,0.3,0.4,0.55,0.05,0.4
1411,4.142801284790039,4.012374997138978,3.900000095367432,2.700000047683716,0.3,0.3,0.4,0.55,0.05,0.4
1419,4.432806587219238,4.363921284675598,3.700000047683716,2.5,0.3,0.3,0.4,0.55,0.05,0.4
1437,5.187093257904053,5.19217336177826,5.099999904632568,4.5,0.3,0.3,0.4,0.55,0.05,0.4
1440,5.241761541366578,5.260696053504945,5.099999904632568,4.900000095367432,0.3,0.3,0.4,0.55,0.05,0.4
1441,4.404934406280518,4.334117126464844,5.0,4.0,0.3,0.3,0.4,0.55,0.05,0.4
1451,4.177043294906617,4.016422605514527,5.099999904632568,4.800000190734863,0.3,0.3,0.4,0.55,0.05,0.4
1464,4.876540470123291,4.7926400184631355,4.800000190734863,4.400000095367432,0.3,0.3,0.4,0.55,0.05,0.4
1472,4.732093667984009,4.686172842979432,5.0,5.199999809265137,0.3,0.3,0.4,0.55,0.05,0.4
1481,3.8811468124389643,3.703877210617066,3.900000095367432,3.700000047683716,0.3,0.3,0.4,0.55,0.05,0.4
1495,4.017656850814819,3.85047287940979,4.400000095367432,3.900000095367432,0.3,0.3,0.4,0.55,0.05,0.4
1498,4.7952934265136715,4.765531086921692,4.800000190734863,3.799999952316284,0.3,0.3,0.4,0.55,0.05,0.4
1505,5.03415002822876,5.060799479484559,4.199999809265137,4.900000095367432,0.3,0.3,0.4,0.55,0.05,0.4
1511,5.657467699050904,5.735659503936768,5.5,5.599999904632568,0.3,0.3,0.4,0.55,0.05,0.4
1513,5.464525175094605,5.522394680976868,6.099999904632568,6.300000190734863,0.3,0.3,0.4,0.55,0.05,0.4
1514,5.450894403457641,5.48657865524292,4.599999904632568,5.400000095367432,0.3,0.3,0.4,0.55,0.05,0.4
1521,5.356728839874267,5.364134764671326,4.800000190734863,4.900000095367432,0.3,0.3,0.4,0.55,0.05,0.4
1523,5.641142082214356,5.661858344078064,6.900000095367432,4.800000190734863,0.3,0.3,0.4,0.55,0.05,0.4
1524,5.112788248062134,5.086336541175843,5.599999904632568,4.400000095367432,0.3,0.3,0.4,0.55,0.05,0.4
1532,5.316853141784668,5.355326390266419,5.800000190734863,5.599999904632568,0.3,0.3,0.4,0.55,0.05,0.4
1539,4.026162004470826,3.774195146560669,4.400000095367432,4.699999809265137,0.3,0.3,0.4,0.55,0.05,0.4
1548,4.021733117103576,3.767976713180542,4.599999904632568,3.700000047683716,0.3,0.3,0.4,0.55,0.05,0.4
1551,5.284823846817017,5.306381416320801,5.599999904632568,5.400000095367432,0.3,0.3,0.4,0.55,0.05,0.4
1554,4.856410598754883,4.802292537689209,5.800000190734863,4.5,0.3,0.3,0.4,0.55,0.05,0.4
1563,4.687374401092529,4.551374244689942,5.099999904632568,5.699999809265137,0.3,0.3,0.4,0.55,0.05,0.4
1589,5.723284387588501,5.766985821723939,5.800000190734863,6.099999904632568,0.3,0.3,0.4,0.55,0.05,0.4
1594,5.067558813095093,4.959419775009156,5.599999904632568,5.400000095367432,0.3,0.3,0.4,0.55,0.05,0.4
1606,5.03678822517395,4.9649642467498785,5.599999904632568,4.900000095367432,0.3,0.3,0.4,0.55,0.05,0.4
1611,5.685636234283447,5.6726809501647955,5.699999809265137,6.199999809265137,0.3,0.3,0.4,0.55,0.05,0.4
1620,5.699860286712647,5.778551530838013,6.300000190734863,5.699999809265137,0.3,0.3,0.4,0.55,0.05,0.4
1624,6.062298583984375,6.070203948020936,5.699999809265137,6.400000095367432,0.3,0.3,0.4,0.55,0.05,0.4
1626,6.058404493331909,6.146873259544374,6.099999904632568,6.0,0.3,0.3,0.4,0.55,0.05,0.4
1628,4.732131910324097,4.6384421586990365,4.699999809265137,4.800000190734863,0.3,0.3,0.4,0.55,0.05,0.4
1629,5.590616512298585,5.6636881113052375,6.400000095367432,6.300000190734863,0.3,0.3,0.4,0.55,0.05,0.4
1639,5.43853726387024,5.408598303794861,5.300000190734863,5.300000190734863,0.3,0.3,0.4,0.55,0.05,0.4
1647,5.506424045562744,5.564124536514282,7.099999904632568,5.800000190734863,0.3,0.3,0.4,0.55,0.05,0.4
1653,3.9544816493988035,3.7952582359313967,4.300000190734863,3.0999999046325684,0.3,0.3,0.4,0.55,0.05,0.4
1654,3.8463823795318604,3.7568266153335577,4.800000190734863,3.0999999046325684,0.3,0.3,0.4,0.55,0.05,0.4
1657,5.165543842315674,5.187280607223511,5.599999904632568,5.699999809265137,0.3,0.3,0.4,0.55,0.05,0.4
1665,5.470982694625855,5.519573855400086,5.599999904632568,5.699999809265137,0.3,0.3,0.4,0.55,0.05,0.4
1666,4.147723293304444,4.094542169570923,3.799999952316284,3.299999952316284,0.3,0.3,0.4,0.55,0.05,0.4
1667,5.518809652328492,5.570062756538392,6.0,7.5,0.3,0.3,0.4,0.55,0.05,0.4
1668,5.437794542312622,5.449396276473999,5.5,5.5,0.3,0.3,0.4,0.55,0.05,0.4
1670,5.825680541992187,5.939057397842408,5.900000095367432,5.400000095367432,0.3,0.3,0.4,0.55,0.05,0.4
1683,4.942792987823486,4.981498360633851,6.0,4.800000190734863,0.3,0.3,0.4,0.55,0.05,0.4
1687,5.075835275650024,4.997825121879578,5.099999904632568,4.699999809265137,0.3,0.3,0.4,0.55,0.05,0.4
1691,4.1834721326828,4.073131179809571,3.700000047683716,3.5999999046325684,0.3,0.3,0.4,0.55,0.05,0.4
1694,5.349526834487915,5.3586399316787725,4.5,6.099999904632568,0.3,0.3,0.4,0.55,0.05,0.4
1696,4.040866374969483,3.9416601777076723,3.799999952316284,3.299999952316284,0.3,0.3,0.4,0.55,0.05,0.4
1708,3.895391249656677,3.8377770900726325,4.199999809265137,3.5999999046325684,0.3,0.3,0.4,0.55,0.05,0.4
1716,4.86843581199646,4.818185782432557,5.800000190734863,5.400000095367432,0.3,0.3,0.4,0.55,0.05,0.4
1719,3.2679423093795776,3.0578594446182255,5.0,3.299999952316284,0.3,0.3,0.4,0.55,0.05,0.4
1735,3.90564968585968,3.706925344467164,4.699999809265137,3.0,0.3,0.3,0.4,0.55,0.05,0.4
1736,4.998600196838379,5.018644213676453,4.699999809265137,3.0999999046325684,0.3,0.3,0.4,0.55,0.05,0.4
1739,3.6696579694747924,3.4768780112266544,3.700000047683716,2.799999952316284,0.3,0.3,0.4,0.55,0.05,0.4
1741,4.155711221694946,4.096792769432068,3.299999952316284,3.5,0.3,0.3,0.4,0.55,0.05,0.4
1742,5.1706328868865965,5.130824232101441,6.800000190734863,5.099999904632568,0.3,0.3,0.4,0.55,0.05,0.4
1752,6.095730543136597,6.217079687118531,5.5,6.099999904632568,0.3,0.3,0.4,0.55,0.05,0.4
1753,4.63818244934082,4.610006880760193,3.200000047683716,3.400000095367432,0.3,0.3,0.4,0.55,0.05,0.4
1756,3.7615928411483766,3.635677337646485,4.400000095367432,3.900000095367432,0.3,0.3,0.4,0.55,0.05,0.4
1757,3.81410059928894,3.627721607685089,5.0,3.0999999046325684,0.3,0.3,0.4,0.55,0.05,0.4
1765,5.3110075950622555,5.326394319534303,5.800000190734863,4.599999904632568,0.3,0.3,0.4,0.55,0.05,0.4
1770,3.4420116662979123,3.1957362771034243,4.5,2.900000095367432,0.3,0.3,0.4,0.55,0.05,0.4
1772,3.8031959533691406,3.711085867881775,5.599999904632568,4.300000190734863,0.3,0.3,0.4,0.55,0.05,0.4
1777,4.058771944046021,3.9716223478317265,5.300000190734863,4.400000095367432,0.3,0.3,0.4,0.55,0.05,0.4
1779,3.774687433242798,3.6239357709884645,5.699999809265137,2.900000095367432,0.3,0.3,0.4,0.55,0.05,0.4
1785,5.486272954940796,5.577485775947571,5.599999904632568,5.199999809265137,0.3,0.3,0.4,0.55,0.05,0.4
1786,3.4426897048950194,3.235496032238007,4.199999809265137,3.0999999046325684,0.3,0.3,0.4,0.55,0.05,0.4
1790,4.2675377368927006,4.1960494279861456,3.799999952316284,3.299999952316284,0.3,0.3,0.4,0.55,0.05,0.4
1791,3.7968586921691894,3.67885240316391,5.300000190734863,3.299999952316284,0.3,0.3,0.4,0.55,0.05,0.4
1827,5.3799501895904545,5.45181212425232,5.599999904632568,6.699999809265137,0.3,0.3,0.4,0.55,0.05,0.4
1834,5.590083932876587,5.70481264591217,6.300000190734863,5.699999809265137,0.3,0.3,0.4,0.55,0.05,0.4
1835,4.148111391067505,3.9969748020172124,5.300000190734863,3.200000047683716,0.3,0.3,0.4,0.55,0.05,0.4
1836,5.099678802490235,5.074541926383972,5.599999904632568,4.599999904632568,0.3,0.3,0.4,0.55,0.05,0.4
1841,3.195357370376587,2.9887840270996096,4.599999904632568,3.0999999046325684,0.3,0.3,0.4,0.55,0.05,0.4
1842,4.930619573593139,4.967816352844239,5.800000190734863,6.300000190734863,0.3,0.3,0.4,0.55,0.05,0.4
1847,3.621007466316223,3.350824820995331,3.200000047683716,2.5999999046325684,0.3,0.3,0.4,0.55,0.05,0.4
1854,4.739829158782959,4.7013838529586796,5.199999809265137,4.5,0.3,0.3,0.4,0.55,0.05,0.4
1855,5.260321474075318,5.257199120521546,5.400000095367432,6.0,0.3,0.3,0.4,0.55,0.05,0.4
1856,5.623144483566285,5.610549283027649,6.099999904632568,6.699999809265137,0.3,0.3,0.4,0.55,0.05,0.4
1886,3.580552554130554,3.378135037422181,4.099999904632568,3.0,0.3,0.3,0.4,0.55,0.05,0.4
1895,5.523049402236938,5.534883332252503,6.5,5.900000095367432,0.3,0.3,0.4,0.55,0.05,0.4
1900,5.569089937210083,5.623988437652589,6.5,6.699999809265137,0.3,0.3,0.4,0.55,0.05,0.4
1910,3.9427464485168455,3.825227785110474,3.799999952316284,3.299999952316284,0.3,0.3,0.4,0.55,0.05,0.4
1913,5.702282905578613,5.752418923377991,6.0,6.5,0.3,0.3,0.4,0.55,0.05,0.4
1915,5.179223680496215,5.19016661643982,6.300000190734863,6.5,0.3,0.3,0.4,0.55,0.05,0.4
1922,6.093302774429321,6.29832034111023,5.599999904632568,5.800000190734863,0.3,0.3,0.4,0.55,0.05,0.4
1925,5.245734548568726,5.275226640701295,4.900000095367432,4.5,0.3,0.3,0.4,0.55,0.05,0.4
1935,4.781658411026001,4.627164173126221,4.699999809265137,4.400000095367432,0.3,0.3,0.4,0.55,0.05,0.4
1942,5.897724676132202,5.9603721618652346,6.400000095367432,6.800000190734863,0.3,0.3,0.4,0.55,0.05,0.4
1944,4.671016454696655,4.617092871665955,6.099999904632568,5.099999904632568,0.3,0.3,0.4,0.55,0.05,0.4
1950,3.692695069313049,3.5408282995224005,3.799999952316284,3.400000095367432,0.3,0.3,0.4,0.55,0.05,0.4
1957,4.679440641403199,4.6645858764648445,4.800000190734863,4.800000190734863,0.3,0.3,0.4,0.55,0.05,0.4
1962,4.304992532730102,4.235685253143311,4.400000095367432,5.0,0.3,0.3,0.4,0.55,0.05,0.4
1965,3.359272408485413,3.1899609088897707,3.299999952316284,3.5,0.3,0.3,0.4,0.55,0.05,0.4
1966,4.728958749771118,4.675599765777588,3.5999999046325684,5.0,0.3,0.3,0.4,0.55,0.05,0.4
1976,4.834440088272094,4.842727947235107,4.900000095367432,5.400000095367432,0.3,0.3,0.4,0.55,0.05,0.4
1977,5.297236824035645,5.304327964782715,4.699999809265137,5.199999809265137,0.3,0.3,0.4,0.55,0.05,0.4
1981,5.82314395904541,5.863811087608338,5.099999904632568,5.800000190734863,0.3,0.3,0.4,0.55,0.05,0.4
1987,5.37013726234436,5.38890528678894,6.5,6.300000190734863,0.3,0.3,0.4,0.55,0.05,0.4
2011,4.322928237915039,4.23258364200592,4.199999809265137,5.0,0.3,0.3,0.4,0.55,0.05,0.4
2012,4.3076934814453125,4.268576538562775,3.1700000762939453,5.170000076293945,0.3,0.3,0.4,0.55,0.05,0.4
2029,5.139922332763672,5.119973897933961,4.170000076293945,4.0,0.3,0.3,0.4,0.55,0.05,0.4
2055,4.859343147277833,4.805860400199891,5.0,5.199999809265137,0.3,0.3,0.4,0.55,0.05,0.4
