song_id,valence,arousal,true_valence,true_arousal
3,4.288732369740804,4.256965796152751,3.5,3.299999952316284
21,5.163743495941162,5.193723678588867,6.599999904632568,6.300000190734863
22,4.800798575083415,4.72822904586792,4.0,4.800000190734863
37,5.608941078186035,5.658011118570964,6.599999904632568,5.300000190734863
39,6.005293846130371,6.055778503417969,7.300000190734863,5.400000095367432
52,5.137086550394694,5.1155769030253095,4.599999904632568,5.099999904632568
59,5.39802344640096,5.409049987792969,5.300000190734863,4.099999904632568
87,4.363579909006755,4.298781077067058,5.300000190734863,2.5999999046325684
113,5.170818169911702,5.203371365865071,5.400000095367432,3.799999952316284
117,4.717493216196696,4.617825984954834,3.900000095367432,5.0
121,4.522234280904134,4.454071680704753,3.0999999046325684,3.900000095367432
124,4.161542654037476,4.043863932291667,3.700000047683716,2.799999952316284
140,4.218774477640788,4.179402987162272,4.199999809265137,4.5
151,3.4496206442515054,3.2761502265930176,4.0,4.5
152,5.433660825093587,5.37336540222168,4.400000095367432,5.599999904632568
160,4.299764792124431,4.3092835744222,3.5,3.5
164,3.2459963957468667,3.1270365715026855,4.099999904632568,2.900000095367432
174,4.233935197194417,4.226378122965495,4.0,3.799999952316284
193,4.501149972279866,4.465766588846843,4.099999904632568,3.0
198,2.8988723754882812,2.7188733418782554,1.899999976158142,3.299999952316284
219,3.8135294914245605,3.693359136581421,2.400000095367432,3.799999952316284
220,4.5746833483378095,4.513796806335449,4.099999904632568,3.400000095367432
222,3.948350667953491,3.84678053855896,3.799999952316284,4.300000190734863
231,5.684439977010091,5.708561102549235,4.099999904632568,5.599999904632568
234,4.093946695327759,3.9828635851542153,3.5,3.900000095367432
235,3.597218672434489,3.5348591804504395,3.0,3.700000047683716
236,3.8093122641245523,3.6882843176523843,2.5,2.400000095367432
239,3.021925767262777,2.8176844914754233,2.299999952316284,3.299999952316284
240,5.813859462738037,5.904600461324056,6.400000095367432,6.599999904632568
253,4.907440026601155,4.904023170471191,6.599999904632568,2.5
258,3.721110979715983,3.590116024017334,4.300000190734863,4.300000190734863
275,5.032037576039632,5.021241029103597,5.300000190734863,5.5
289,4.7946139971415205,4.779637813568115,5.699999809265137,6.699999809265137
296,5.269213358561198,5.235692183176677,5.900000095367432,5.699999809265137
302,5.298056602478027,5.337327480316162,6.599999904632568,7.0
319,4.983350435892741,4.963863531748454,4.5,6.599999904632568
326,5.461171468098958,5.5063557624816895,5.400000095367432,7.199999809265137
329,4.004102309544881,3.871995210647583,3.299999952316284,4.199999809265137
340,4.710968971252441,4.615820089975993,3.799999952316284,4.599999904632568
345,5.807229836781819,5.84935188293457,7.199999809265137,6.5
347,4.911285400390625,4.960229237874349,3.819999933242798,5.820000171661377
369,4.1273471514383955,4.002732912699382,2.900000095367432,3.400000095367432
371,4.914431730906169,4.883761405944824,5.199999809265137,6.599999904632568
390,5.625074545542399,5.691961606343587,5.699999809265137,6.199999809265137
400,5.023807843526204,4.986269950866699,5.099999904632568,5.599999904632568
406,5.333399613698323,5.363419691721599,5.300000190734863,4.300000190734863
458,5.348575750986735,5.321210702260335,3.400000095367432,5.0
459,4.7673265139261884,4.716581662495931,6.300000190734863,6.099999904632568
464,5.0075052579243975,4.926855564117432,5.099999904632568,5.599999904632568
466,5.75069538752238,5.791606426239014,6.599999904632568,5.900000095367432
468,3.8719590504964194,3.7748231093088784,3.5999999046325684,3.400000095367432
475,5.509111086527507,5.497659524281819,5.599999904632568,5.0
477,6.6461334228515625,6.771435896555583,7.099999904632568,7.199999809265137
482,3.3550904591878257,3.173780838648478,1.899999976158142,3.5
486,5.146159489949544,5.089792251586914,6.199999809265137,5.699999809265137
487,5.271413962046306,5.221938769022624,4.5,5.300000190734863
493,4.809063116709392,4.744905471801758,3.700000047683716,4.900000095367432
507,4.705329259236653,4.639621098836263,4.900000095367432,4.800000190734863
551,4.498144785563151,4.437885125478108,3.200000047683716,4.0
581,5.568919817606608,5.542872269948323,5.300000190734863,6.0
586,5.4503583908081055,5.383326053619385,5.199999809265137,5.900000095367432
597,4.819514115651448,4.769628683725993,4.800000190734863,6.400000095367432
605,5.281230449676514,5.182784080505371,4.400000095367432,6.0
613,4.408969720204671,4.397920926411946,5.199999809265137,6.800000190734863
628,5.837876160939534,5.799958864847819,4.900000095367432,6.800000190734863
639,5.808476289113362,5.7860213915507,6.099999904632568,6.300000190734863
651,6.028940836588542,6.062333742777507,6.400000095367432,7.099999904632568
658,4.818952878316243,4.6739983558654785,4.400000095367432,5.699999809265137
661,4.153125603993733,4.050191561381022,2.200000047683716,2.799999952316284
673,6.020118236541748,6.098751386006673,6.599999904632568,6.699999809265137
677,5.616090456644694,5.65158208211263,6.5,5.300000190734863
698,4.152084430058797,4.040494521458943,3.900000095367432,3.700000047683716
717,4.7930366198221845,4.732187589009603,4.5,4.900000095367432
724,5.994279066721599,6.005177656809489,6.0,6.099999904632568
725,5.758231004079183,5.767501354217529,5.099999904632568,5.099999904632568
726,5.313439051310222,5.2748745282491045,7.0,3.5999999046325684
727,3.879887342453003,3.7631589571634927,4.300000190734863,4.5
739,6.045732180277507,6.100615660349528,6.199999809265137,6.900000095367432
759,5.734241485595703,5.762585481007894,6.699999809265137,5.900000095367432
777,5.479426542917888,5.435418128967285,6.199999809265137,5.099999904632568
790,5.675161202748616,5.723372936248779,7.199999809265137,5.400000095367432
796,5.1511562665303545,5.18879763285319,5.199999809265137,5.099999904632568
815,5.203620910644531,5.272831757863362,5.5,5.900000095367432
824,5.830142815907796,5.898607095082601,7.199999809265137,7.0
839,4.907956123352051,4.847000916798909,5.699999809265137,4.400000095367432
841,4.719139575958252,4.692098458607991,4.199999809265137,4.699999809265137
846,4.883613268534343,4.8479963938395185,6.0,5.5
848,4.22549041112264,4.131354808807373,2.200000047683716,2.700000047683716
850,4.880593140920003,4.849681854248047,3.5999999046325684,3.0999999046325684
851,4.72075351079305,4.648804505666097,5.0,4.400000095367432
871,5.190219402313232,5.195407708485921,6.400000095367432,6.0
899,4.869923114776611,4.870771408081055,5.300000190734863,6.300000190734863
903,5.495297431945801,5.5097042719523115,5.900000095367432,5.599999904632568
909,5.400704860687256,5.428530693054199,6.0,5.5
934,5.480274359385173,5.464131514231364,6.199999809265137,6.400000095367432
936,5.639317671457927,5.699395338694255,5.400000095367432,4.699999809265137
941,5.937765598297119,5.975104014078776,7.199999809265137,5.900000095367432
955,3.8939877351125083,3.6958752473195395,3.799999952316284,5.599999904632568
968,4.410483519236247,4.324282328287761,3.799999952316284,3.200000047683716
978,6.194171110788981,6.295698960622151,7.699999809265137,6.099999904632568
983,6.431029637654622,6.498531818389893,4.800000190734863,6.300000190734863
999,5.140309015909831,5.127503395080566,4.099999904632568,5.900000095367432
1004,4.522385279337565,4.514564514160156,3.799999952316284,4.699999809265137
1005,4.996900717417399,4.980483373006185,5.400000095367432,5.099999904632568
1008,4.476442654927571,4.3971333503723145,6.0,5.400000095367432
1020,4.4591085116068525,4.3546803792317705,3.400000095367432,2.5
1023,3.516920248667399,3.3702549934387207,2.900000095367432,2.299999952316284
1026,3.4886561234792075,3.3101112047831216,3.700000047683716,2.799999952316284
1032,4.1491297880808515,4.041737953821818,3.299999952316284,4.099999904632568
1033,4.791708787282308,4.8025743166605634,5.300000190734863,5.599999904632568
1036,4.2339630126953125,4.144296487172444,4.800000190734863,3.0
1048,5.524480978647868,5.6094489097595215,5.0,6.699999809265137
1051,3.9196672439575195,3.7303004264831543,5.199999809265137,5.300000190734863
1052,4.5415496826171875,4.481666247049968,5.5,6.599999904632568
1061,5.716784795125325,5.776916027069092,6.5,6.199999809265137
1062,5.065022627512614,5.025681654612224,4.099999904632568,4.300000190734863
1072,5.736886978149414,5.678952217102051,6.300000190734863,5.5
1088,6.8366929690043134,7.066104094187419,7.300000190734863,6.599999904632568
1092,5.506827195485433,5.48583968480428,5.800000190734863,6.300000190734863
1097,5.375115871429443,5.345400492350261,5.5,5.400000095367432
1111,3.6512645880381265,3.5550506909688315,3.200000047683716,2.900000095367432
1113,3.6430460611979165,3.5429569085439048,3.400000095367432,3.0
1117,3.92814048131307,3.8396740754445395,4.199999809265137,3.400000095367432
1120,3.480655829111735,3.399168014526367,3.400000095367432,2.799999952316284
1127,3.360682964324951,3.244681437810262,3.400000095367432,3.0
1128,2.9720123608907065,2.7290019194285073,3.700000047683716,2.700000047683716
1135,3.29662815729777,3.09684681892395,3.0999999046325684,2.700000047683716
1140,5.055857340494792,5.084607124328613,5.900000095367432,5.400000095367432
1148,3.813835938771566,3.677854061126709,3.400000095367432,3.0
1154,3.595264434814453,3.4808934529622397,3.900000095367432,4.400000095367432
1186,3.2291277249654136,2.9927849769592285,3.700000047683716,1.899999976158142
1208,4.423093318939209,4.338123480478923,6.199999809265137,4.599999904632568
1212,3.4672839641571045,3.343638022740682,3.5,2.700000047683716
1214,5.198149840037028,5.190112590789795,6.199999809265137,5.300000190734863
1217,3.3660391171773276,3.1691648165384927,3.900000095367432,2.5999999046325684
1229,5.15512752532959,5.181866486867269,5.199999809265137,4.300000190734863
1232,5.360409259796143,5.375471750895183,6.900000095367432,6.300000190734863
1238,5.339146455128987,5.315662384033203,5.5,5.099999904632568
1252,4.661237875620524,4.590243816375732,5.199999809265137,5.099999904632568
1269,3.768940051396688,3.6278194586435952,3.5,4.400000095367432
1273,5.180315971374512,5.116764863332112,4.800000190734863,5.599999904632568
1274,5.487600167592366,5.516429742177327,6.0,5.400000095367432
1277,3.508998473485311,3.308295170466105,2.900000095367432,2.200000047683716
1278,4.935327847798665,4.835093816121419,5.099999904632568,4.099999904632568
1282,5.965086778004964,6.10645055770874,6.800000190734863,6.400000095367432
1285,5.208119074503581,5.227962334950765,5.099999904632568,4.900000095367432
1295,6.098516464233398,6.192809263865153,6.900000095367432,6.400000095367432
1301,3.0579355557759604,2.862686554590861,4.400000095367432,2.799999952316284
1308,5.484029293060303,5.539203484853108,5.800000190734863,5.300000190734863
1313,4.287208080291748,4.22056770324707,4.199999809265137,3.0
1316,4.706396261850993,4.657894770304362,5.199999809265137,4.0
1321,4.744588057200114,4.6763787269592285,4.5,5.699999809265137
1328,3.5276530583699546,3.3206101258595786,4.400000095367432,2.700000047683716
1333,4.750521024068196,4.728951136271159,4.5,5.699999809265137
1339,5.173715432484944,5.25597349802653,7.199999809265137,6.800000190734863
1343,5.337188561757405,5.343526045481364,6.0,5.400000095367432
1352,6.213564872741699,6.323089122772217,6.699999809265137,6.400000095367432
1361,3.844782511393229,3.7286577224731445,4.400000095367432,2.5
1366,5.778977235158284,5.775187015533447,5.400000095367432,6.300000190734863
1380,3.702178478240967,3.614769697189331,4.099999904632568,4.5
1383,4.3787282307942705,4.29120413462321,5.599999904632568,3.0
1386,4.583119551340739,4.573191960652669,5.900000095367432,5.0
1387,3.8604207038879395,3.8675010999043784,6.099999904632568,4.5
1393,5.392917156219482,5.284770170847575,6.199999809265137,4.099999904632568
1404,3.630774974822998,3.403477430343628,3.799999952316284,2.700000047683716
1409,4.4081549644470215,4.316169738769531,4.900000095367432,3.700000047683716
1410,4.98414675394694,4.931989351908366,6.0,4.400000095367432
1411,4.1481397946675616,4.1098151206970215,3.900000095367432,2.700000047683716
1419,4.453778425852458,4.358659585316976,3.700000047683716,2.5
1437,5.20188585917155,5.091322898864746,5.099999904632568,4.5
1440,5.242680390675862,5.203238328297933,5.099999904632568,4.900000095367432
1441,4.440563201904297,4.36550776163737,5.0,4.0
1451,4.208669980367024,4.080872376759847,5.099999904632568,4.800000190734863
1464,4.850104967753093,4.814526557922363,4.800000190734863,4.400000095367432
1472,4.764521598815918,4.692018826802571,5.0,5.199999809265137
1481,3.874424616495768,3.7214417457580566,3.900000095367432,3.700000047683716
1495,4.064094463984172,4.023491779963176,4.400000095367432,3.900000095367432
1498,4.805832227071126,4.746933937072754,4.800000190734863,3.799999952316284
1505,5.029473622639974,4.97601334253947,4.199999809265137,4.900000095367432
1511,5.649881998697917,5.673982938130696,5.5,5.599999904632568
1513,5.455348491668701,5.496754805246989,6.099999904632568,6.300000190734863
1514,5.453186988830566,5.471675554911296,4.599999904632568,5.400000095367432
1521,5.342073758443196,5.271502335866292,4.800000190734863,4.900000095367432
1523,5.639359633127849,5.601791540781657,6.900000095367432,4.800000190734863
1524,5.094673156738281,5.087840874989827,5.599999904632568,4.400000095367432
1532,5.331915537516276,5.340118249257405,5.800000190734863,5.599999904632568
1539,4.0084811846415205,3.9155925114949546,4.400000095367432,4.699999809265137
1548,4.0345405737559,3.8716601530710855,4.599999904632568,3.700000047683716
1551,5.312163829803467,5.296944459279378,5.599999904632568,5.400000095367432
1554,4.889994462331136,4.80955187479655,5.800000190734863,4.5
1563,4.688442866007487,4.6491696039835615,5.099999904632568,5.699999809265137
1589,5.721940199534099,5.713267167409261,5.800000190734863,6.099999904632568
1594,5.070532004038493,5.002683957417806,5.599999904632568,5.400000095367432
1606,5.047768910725911,5.039751688639323,5.599999904632568,4.900000095367432
1611,5.656561533610026,5.718462626139323,5.699999809265137,6.199999809265137
1620,5.70497481028239,5.741563161214192,6.300000190734863,5.699999809265137
1624,6.0655927658081055,6.129935423533122,5.699999809265137,6.400000095367432
1626,6.06566588083903,6.096670309702556,6.099999904632568,6.0
1628,4.746468702952067,4.673717657725017,4.699999809265137,4.800000190734863
1629,5.612898031870524,5.591298262278239,6.400000095367432,6.300000190734863
1639,5.428182760874431,5.3516818682352705,5.300000190734863,5.300000190734863
1647,5.4966044425964355,5.497784932454427,7.099999904632568,5.800000190734863
1653,3.9996820290883384,3.863665739695231,4.300000190734863,3.0999999046325684
1654,3.853098233540853,3.789637327194214,4.800000190734863,3.0999999046325684
1657,5.157370567321777,5.173140525817871,5.599999904632568,5.699999809265137
1665,5.4740861256917315,5.435256481170654,5.599999904632568,5.699999809265137
1666,4.200326522191365,4.153556744257609,3.799999952316284,3.299999952316284
1667,5.550387382507324,5.713133017222087,6.0,7.5
1668,5.4570261637369795,5.4655335744222,5.5,5.5
1670,5.820908387502034,5.819984753926595,5.900000095367432,5.400000095367432
1683,4.927972475687663,4.943259398142497,6.0,4.800000190734863
1687,5.046451727549235,4.970405737559001,5.099999904632568,4.699999809265137
1691,4.164192279179891,4.119830290476481,3.700000047683716,3.5999999046325684
1694,5.362040201822917,5.345754782358806,4.5,6.099999904632568
1696,4.046074946721396,3.9581021467844644,3.799999952316284,3.299999952316284
1708,3.913175185521444,3.786193052927653,4.199999809265137,3.5999999046325684
1716,4.928999582926433,4.8852260907491045,5.800000190734863,5.400000095367432
1719,3.267307678858439,3.040175755818685,5.0,3.299999952316284
1735,3.9192341963450112,3.7688204447428384,4.699999809265137,3.0
1736,4.987997055053711,4.93204927444458,4.699999809265137,3.0999999046325684
1739,3.7067543665568032,3.517099936803182,3.700000047683716,2.799999952316284
1741,4.168748537699382,4.065882205963135,3.299999952316284,3.5
1742,5.158218542734782,5.143053690592448,6.800000190734863,5.099999904632568
1752,6.10231351852417,6.11367130279541,5.5,6.099999904632568
1753,4.645445823669434,4.5893731117248535,3.200000047683716,3.400000095367432
1756,3.787081480026245,3.6886070569356284,4.400000095367432,3.900000095367432
1757,3.8231496016184487,3.6525572141011557,5.0,3.0999999046325684
1765,5.299647967020671,5.2979122797648115,5.800000190734863,4.599999904632568
1770,3.4605921109517417,3.339690685272217,4.5,2.900000095367432
1772,3.863628387451172,3.834904352823893,5.599999904632568,4.300000190734863
1777,4.084833701451619,3.945912520090739,5.300000190734863,4.400000095367432
1779,3.7752797603607178,3.612729072570801,5.699999809265137,2.900000095367432
1785,5.4824957847595215,5.454314390818278,5.599999904632568,5.199999809265137
1786,3.4551591873168945,3.2199813524881997,4.199999809265137,3.0999999046325684
1790,4.283356189727783,4.208899974822998,3.799999952316284,3.299999952316284
1791,3.82289989789327,3.813606023788452,5.300000190734863,3.299999952316284
1827,5.367163022359212,5.44075361887614,5.599999904632568,6.699999809265137
1834,5.584293524424235,5.576602141062419,6.300000190734863,5.699999809265137
1835,4.172890742619832,3.9902187983194985,5.300000190734863,3.200000047683716
1836,5.076481024424235,5.043014367421468,5.599999904632568,4.599999904632568
1841,3.1521618366241455,2.961957852045695,4.599999904632568,3.0999999046325684
1842,4.955041567484538,4.920980453491211,5.800000190734863,6.300000190734863
1847,3.6423659324645996,3.4561954339345298,3.200000047683716,2.5999999046325684
1854,4.719175338745117,4.718463738759358,5.199999809265137,4.5
1855,5.278246879577637,5.289031823476155,5.400000095367432,6.0
1856,5.573938687642415,5.652796268463135,6.099999904632568,6.699999809265137
1886,3.5599371592203775,3.3718186219533286,4.099999904632568,3.0
1895,5.507519721984863,5.519057432810466,6.5,5.900000095367432
1900,5.558840274810791,5.583183924357097,6.5,6.699999809265137
1910,3.9751334190368652,3.890123208363851,3.799999952316284,3.299999952316284
1913,5.696434020996094,5.793148835500081,6.0,6.5
1915,5.179656187693278,5.2271162668863935,6.300000190734863,6.5
1922,6.103880564371745,6.1908219655354815,5.599999904632568,5.800000190734863
1925,5.195830345153809,5.213980356852214,4.900000095367432,4.5
1935,4.750459512074788,4.687549591064453,4.699999809265137,4.400000095367432
1942,5.864298502604167,5.940903345743815,6.400000095367432,6.800000190734863
1944,4.646544615427653,4.546456495920817,6.099999904632568,5.099999904632568
1950,3.70879856745402,3.5553812980651855,3.799999952316284,3.400000095367432
1957,4.699330806732178,4.7250410715738935,4.800000190734863,4.800000190734863
1962,4.3185750643412275,4.245397885640462,4.400000095367432,5.0
1965,3.3748601277669272,3.2372087637583413,3.299999952316284,3.5
1966,4.754194259643555,4.720648129781087,3.5999999046325684,5.0
1976,4.863080819447835,4.758485158284505,4.900000095367432,5.400000095367432
1977,5.297437826792399,5.32033634185791,4.699999809265137,5.199999809265137
1981,5.802392959594727,5.899675210316976,5.099999904632568,5.800000190734863
1987,5.3589731852213545,5.377548853556315,6.5,6.300000190734863
2011,4.302473704020183,4.22820520401001,4.199999809265137,5.0
2012,4.280465602874756,4.170627196629842,3.1700000762939453,5.170000076293945
2029,5.149847666422526,5.159837086995442,4.170000076293945,4.0
2055,4.867574373881022,4.800205707550049,5.0,5.199999809265137
