model_name,rmse_v,rmse_a,pearson_v,pearson_a,mae_v,mae_a,avg_rmse,avg_pearson,notes
cnn_baseline,0.8404441275838667,0.833243336597497,0.7152336860695186,0.7757169281604743,0.6658183036027131,0.6601205653614468,0.8368437320906819,0.7454753071149964,
cnn_v2_opt_adam,0.8456118593865665,0.8612112507118387,0.6974690773561761,0.7598110914316036,0.6766045685167665,0.6904983948778223,0.8534115550492025,0.7286400843938898,optimizer adam
cnn_v2_lr_1e3,0.855558868925534,0.8904141506883626,0.6901030613850003,0.7490143437511986,0.687846921991419,0.7110766079690721,0.8729865098069483,0.7195587025680994,lr 1e-3
cnn_v2_lr_3e4,0.8456118593865665,0.8612112507118387,0.6974690773561761,0.7598110914316036,0.6766045685167665,0.6904983948778223,0.8534115550492025,0.7286400843938898,lr 3e-4
cnn_v2_lr_1e4,0.8523516708596786,0.8336351916236175,0.7058619513889981,0.7708882608610904,0.6699245982699924,0.6616089948901424,0.842993431241648,0.7383751061250443,lr 1e-4
cnn_v2_dropout_03,0.845463643874014,0.8380918192517671,0.7062214870126554,0.7648086538682211,0.6707984774201005,0.6742395952895835,0.8417777315628905,0.7355150704404383,dropout 0.3
cnn_v2_dropout_04,0.8456118593865665,0.8612112507118387,0.6974690773561761,0.7598110914316036,0.6766045685167665,0.6904983948778223,0.8534115550492025,0.7286400843938898,dropout 0.4
cnn_v2_dropout_05,0.8521985417766034,0.8773110886112694,0.6888388306705763,0.7371977969930588,0.6823610296955815,0.6992667785397282,0.8647548151939364,0.7130183138318176,dropout 0.5
cnn_v2_wd_0,0.8475900547818531,0.863694970472584,0.7014619468478027,0.7559135401410113,0.6833933724297417,0.6874107321103414,0.8556425126272186,0.728687743494407,weight decay 0
cnn_v2_wd_1e5,0.8456118593865665,0.8612112507118387,0.6974690773561761,0.7598110914316036,0.6766045685167665,0.6904983948778223,0.8534115550492025,0.7286400843938898,weight decay 1e-5
cnn_v2_wd_1e4,0.8554581512964349,0.8466845154427113,0.7024076483199975,0.7632026136237257,0.6785451553486012,0.6746950621958132,0.8510713333695731,0.7328051309718615,weight decay 1e-4
cnn_v2_noaug,0.8456118593865665,0.8612112507118387,0.6974690773561761,0.7598110914316036,0.6766045685167665,0.6904983948778223,0.8534115550492025,0.7286400843938898,v2 no augmentation
cnn_v2_specaugment,0.8599723428161664,0.8453338279041284,0.7091620356228616,0.7702797186233337,0.6896033808037086,0.6708833787176344,0.8526530853601474,0.7397208771230976,specaugment
cnn_v2_specaugment_noise,0.8339346390847255,0.8492667649652011,0.7097943585460273,0.7601607175272267,0.6664641777674357,0.672322518295712,0.8416007020249634,0.734977538036627,specaugment + mild noise
cnn_v2_mse,0.8456118593865665,0.8612112507118387,0.6974690773561761,0.7598110914316036,0.6766045685167665,0.6904983948778223,0.8534115550492025,0.7286400843938898,loss mse
cnn_v2_smoothl1,0.8493451815009322,0.8515826554941632,0.6993303791553263,0.7575003554669603,0.6797704740806862,0.6781453675693936,0.8504639184975478,0.7284153673111433,loss smoothl1
cnn_v2_mse_ccc,0.8391565018871632,0.8413891495740325,0.7081791455510668,0.7668845673641809,0.6697468271961918,0.6707430790971827,0.8402728257305978,0.7375318564576239,loss mse + ccc
cnn_optimized,0.8448238791633067,0.8173670840985127,0.7095359532661284,0.7789135835945606,0.6709278945569639,0.6454790155092875,0.8310954816309097,0.7442247684303445,deeper cnn 32-64-128-256
crnn_v1,0.856135137264743,0.8422307109593246,0.7021748229192686,0.7692279121609676,0.6783446426744815,0.6754099823810437,0.8491829241120338,0.7357013675401181,crnn v1 simple
crnn_v1_bilstm,0.8599020113366034,0.8477068422634132,0.6985224066579572,0.7621653462855104,0.6760483176619918,0.6753849996460809,0.8538044268000082,0.7303438764717338,crnn v1 bilstm
crnn_v2,0.8499622461521826,0.8363099348641375,0.715962926308561,0.7678478860688851,0.691886677565398,0.6623899746824193,0.8431360905081601,0.741905406188723,crnn v2: stronger cnn + bilstm(2) + mse_ccc + specaugment
transformer_v1,0.9441322885071556,0.9936244056869328,0.6114597540613707,0.6581831985806688,0.7546996134298819,0.7828986287117005,0.968878347097044,0.6348214763210197,audio transformer baseline
transformer_v2,0.8963114502762933,0.9025372826455288,0.6597149155054409,0.7205299781553826,0.7280376681575069,0.7021323685292844,0.8994243664609111,0.6901224468304117,audio transformer v2: lower lr + higher dropout + specaugment
cnn_transformer_v1,1.0851695845422529,1.2898833834711458,0.4715841245987638,0.48383469912112925,0.8712763450763844,1.0354112479421826,1.1875264840066992,0.47770941185994653,cnn + transformer hybrid
