song_id,valence,arousal,true_valence,true_arousal,fold,stacking_model,full_fit_valence,full_fit_arousal
3,4.527634267957451,4.2610723796355465,3.5,3.299999952316284,3,ridge_alpha_1.0,4.481237027519748,4.192498367754366
21,5.326368689969275,5.2400492777212015,6.599999904632568,6.300000190734863,4,ridge_alpha_1.0,5.42512551103764,5.308689977501255
22,4.96677640918512,4.755758757170096,4.0,4.800000190734863,2,ridge_alpha_1.0,4.975948127799551,4.749334654961553
37,5.817159980816524,5.802710425994116,6.599999904632568,5.300000190734863,4,ridge_alpha_1.0,5.8223956992949875,5.8313754634457995
39,6.338693393578421,6.350982629808201,7.300000190734863,5.400000095367432,3,ridge_alpha_1.0,6.290178147102193,6.304863110194483
52,5.2997790063034085,5.29784330187326,4.599999904632568,5.099999904632568,3,ridge_alpha_1.0,5.281325923097297,5.178214288804822
59,5.6953866597404685,5.556861949096067,5.300000190734863,4.099999904632568,1,ridge_alpha_1.0,5.663205815290226,5.553550083255704
87,4.497866287497333,4.259849591232364,5.300000190734863,2.5999999046325684,4,ridge_alpha_1.0,4.481365439630876,4.226412055882136
113,5.360315953082636,5.304826806385085,5.400000095367432,3.799999952316284,5,ridge_alpha_1.0,5.369100488226885,5.293211420676108
117,4.783512472686549,4.563789446753518,3.900000095367432,5.0,1,ridge_alpha_1.0,4.812338770579719,4.5985071855412825
121,4.881167126286519,4.504079252153892,3.0999999046325684,3.900000095367432,2,ridge_alpha_1.0,4.820492915538096,4.444321723072066
124,4.228867768199598,3.982146076773848,3.700000047683716,2.799999952316284,3,ridge_alpha_1.0,4.233085409970418,3.925703051156484
140,4.362435425175748,4.125115720220853,4.199999809265137,4.5,3,ridge_alpha_1.0,4.350775583823701,4.096144856271555
151,3.543622680411929,3.1307644911066035,4.0,4.5,5,ridge_alpha_1.0,3.5550706304069633,3.039746617272998
152,5.632827975959576,5.510534027303733,4.400000095367432,5.599999904632568,5,ridge_alpha_1.0,5.6235465598812056,5.4994018174215915
160,4.487482234095365,4.223116612101953,3.5,3.5,1,ridge_alpha_1.0,4.4562833444648895,4.253052121527804
164,3.384655937429344,2.8042546514921933,4.099999904632568,2.900000095367432,2,ridge_alpha_1.0,3.385483458016731,2.8742414351135555
174,4.327104729676285,4.198429077202212,4.0,3.799999952316284,5,ridge_alpha_1.0,4.286786600509648,4.124534473239265
193,4.724957434974549,4.503295000501099,4.099999904632568,3.0,2,ridge_alpha_1.0,4.706382700064479,4.453199277300255
198,3.151683712757623,2.4164662487873154,1.899999976158142,3.299999952316284,1,ridge_alpha_1.0,3.046711636798337,2.417974329376964
219,3.9551513619195564,3.622924770279651,2.400000095367432,3.799999952316284,5,ridge_alpha_1.0,3.968633898801441,3.545884102275375
220,4.756062296579686,4.529654131420955,4.099999904632568,3.400000095367432,5,ridge_alpha_1.0,4.790054737212334,4.5015582942666175
222,3.95243807125179,3.6054827927214683,3.799999952316284,4.300000190734863,1,ridge_alpha_1.0,3.9792293493844566,3.6832281475139546
231,5.905065067618234,5.869152939798851,4.099999904632568,5.599999904632568,4,ridge_alpha_1.0,5.853895320317953,5.8828720174041305
234,4.199073862413868,3.832100506260244,3.5,3.900000095367432,1,ridge_alpha_1.0,4.1912373819759825,3.864739726322128
235,3.78916923932133,3.3113649513912504,3.0,3.700000047683716,1,ridge_alpha_1.0,3.7321270422457817,3.352706644103204
236,3.9056308807434297,3.5968598984892672,2.5,2.400000095367432,3,ridge_alpha_1.0,3.891263141604531,3.5093526060683935
239,3.162379102771554,2.4182450857039592,2.299999952316284,3.299999952316284,3,ridge_alpha_1.0,3.1482249688833233,2.526802185461097
240,5.989956922693389,6.208067263851716,6.400000095367432,6.599999904632568,3,ridge_alpha_1.0,5.983442970898398,6.101708916184493
253,5.0457482882446385,5.021770895397929,6.599999904632568,2.5,3,ridge_alpha_1.0,5.039030055327443,4.9340612895137355
258,3.8367573905882613,3.2902856293113603,4.300000190734863,4.300000190734863,1,ridge_alpha_1.0,3.8191943866344955,3.393710223132822
275,5.290014569514982,5.114902444445781,5.300000190734863,5.5,3,ridge_alpha_1.0,5.254506086773235,5.093225609927181
289,5.093240723340931,4.727403209224668,5.699999809265137,6.699999809265137,3,ridge_alpha_1.0,5.061014002267316,4.835092368119059
296,5.346619579478731,5.2973414216775,5.900000095367432,5.699999809265137,2,ridge_alpha_1.0,5.393456859986141,5.330258417044165
302,5.476760269435329,5.421194364063536,6.599999904632568,7.0,4,ridge_alpha_1.0,5.542014264001655,5.466741525550402
319,5.105183406131106,5.025235898994569,4.5,6.599999904632568,3,ridge_alpha_1.0,5.114121036803359,5.011944067756231
326,5.757071727973337,5.741431232893063,5.400000095367432,7.199999809265137,3,ridge_alpha_1.0,5.706822780121013,5.652777967553577
329,3.9661413745641383,3.509406053710352,3.299999952316284,4.199999809265137,2,ridge_alpha_1.0,4.046468017580965,3.7134798807409783
340,4.760006887425547,4.535720782825827,3.799999952316284,4.599999904632568,2,ridge_alpha_1.0,4.811492331442862,4.603570116227295
345,6.018167197006453,6.001317745051397,7.199999809265137,6.5,4,ridge_alpha_1.0,6.088583085881902,6.071271800619299
347,5.050758682939507,4.961560327811018,3.819999933242798,5.820000171661377,4,ridge_alpha_1.0,5.17861749333773,5.041837232457496
369,4.345947831019702,3.9396516648709943,2.900000095367432,3.400000095367432,3,ridge_alpha_1.0,4.305255792840706,3.899972635014353
371,5.113035440460568,4.878099290065687,5.199999809265137,6.599999904632568,1,ridge_alpha_1.0,5.103422022944825,4.91950292030097
390,5.833820779132769,5.843924019787645,5.699999809265137,6.199999809265137,4,ridge_alpha_1.0,5.8492834011608945,5.870599301526429
400,5.1797012105264395,5.001715285199936,5.099999904632568,5.599999904632568,4,ridge_alpha_1.0,5.279914219093338,5.064580924572918
406,5.6395585343650945,5.566576885955384,5.300000190734863,4.300000190734863,1,ridge_alpha_1.0,5.596121993650313,5.512684887395948
458,5.6881520890029735,5.420115482190041,3.400000095367432,5.0,1,ridge_alpha_1.0,5.644017297582695,5.4488464975006705
459,4.914397289844141,4.706559796710527,6.300000190734863,6.099999904632568,4,ridge_alpha_1.0,4.957354098161905,4.737247464903637
464,5.1885367925571195,5.014035688251464,5.099999904632568,5.599999904632568,5,ridge_alpha_1.0,5.189802403948201,4.976975779499633
466,5.949481091552729,5.9266715260821,6.599999904632568,5.900000095367432,4,ridge_alpha_1.0,6.096364804335519,6.0141251485833305
468,3.9744517045420427,3.7098762180832603,3.5999999046325684,3.400000095367432,5,ridge_alpha_1.0,3.956932806020653,3.6156378887269414
475,5.796836917158043,5.678582405980783,5.599999904632568,5.0,3,ridge_alpha_1.0,5.755568810983441,5.650367298155762
477,6.853326836019056,7.0353796068229615,7.099999904632568,7.199999809265137,5,ridge_alpha_1.0,6.832753749363968,7.091313684214004
482,3.4131541978761315,2.942881356216715,1.899999976158142,3.5,4,ridge_alpha_1.0,3.442910968772566,2.9233754509279204
486,5.373721084939254,5.214039085795783,6.199999809265137,5.699999809265137,5,ridge_alpha_1.0,5.3885176018308405,5.192392128622334
487,5.452146464742655,5.346144470996431,4.5,5.300000190734863,2,ridge_alpha_1.0,5.462319110458576,5.32586539204688
493,5.020343459076324,4.805768472893051,3.700000047683716,4.900000095367432,3,ridge_alpha_1.0,4.990682894862958,4.762026444509029
507,4.828529655408176,4.674670865468264,4.900000095367432,4.800000190734863,5,ridge_alpha_1.0,4.796259023053777,4.615476665947261
551,4.627058870937414,4.43775970966792,3.200000047683716,4.0,5,ridge_alpha_1.0,4.614744116193574,4.386517531882531
581,5.826099524362265,5.706286239046832,5.300000190734863,6.0,5,ridge_alpha_1.0,5.856619598996276,5.725127415692837
586,5.571115454092558,5.546236758422454,5.199999809265137,5.900000095367432,1,ridge_alpha_1.0,5.600549599378895,5.509772097316277
597,4.93830181533419,4.846284056531206,4.800000190734863,6.400000095367432,3,ridge_alpha_1.0,4.937035824205021,4.777767714757164
605,5.468100040944532,5.237239190373894,4.400000095367432,6.0,4,ridge_alpha_1.0,5.445614621803022,5.282532283397286
613,4.560329305860039,4.408368845777554,5.199999809265137,6.800000190734863,5,ridge_alpha_1.0,4.554535663758883,4.354486934308539
628,6.064697950638796,5.93922916313677,4.900000095367432,6.800000190734863,4,ridge_alpha_1.0,5.986405371731072,6.000856582388961
639,6.058124291713184,5.927201593843223,6.099999904632568,6.300000190734863,3,ridge_alpha_1.0,6.049650957071911,5.9997354324931385
651,6.2365376748239,6.4005264071982895,6.400000095367432,7.099999904632568,2,ridge_alpha_1.0,6.242471334305988,6.314478335285269
658,4.96152445538982,4.728087638356128,4.400000095367432,5.699999809265137,1,ridge_alpha_1.0,4.96032434207373,4.690519046743863
661,4.407025449058041,3.976379484646599,2.200000047683716,2.799999952316284,1,ridge_alpha_1.0,4.34470755121967,3.971170781118418
673,6.254949736238501,6.345114935677011,6.599999904632568,6.699999809265137,2,ridge_alpha_1.0,6.258384642277346,6.342651983832601
677,5.808961019273647,5.767338620461586,6.5,5.300000190734863,4,ridge_alpha_1.0,5.92315475586095,5.846001919328289
698,4.2815741665307225,3.9961728309570193,3.900000095367432,3.700000047683716,5,ridge_alpha_1.0,4.283263110633946,3.9340309065823016
717,5.002931498680535,4.788807736903503,4.5,4.900000095367432,5,ridge_alpha_1.0,5.0349239495309925,4.770619335994391
724,6.178183976927684,6.311511473039334,6.0,6.099999904632568,2,ridge_alpha_1.0,6.193208725527804,6.244404036017893
725,6.063579706529777,6.184473556018437,5.099999904632568,5.099999904632568,2,ridge_alpha_1.0,6.02580893658786,5.9924424936590395
726,5.6469950341847595,5.6022626930858195,7.0,3.5999999046325684,2,ridge_alpha_1.0,5.595295792143328,5.4190218334373
727,3.968884848228904,3.533949694487516,4.300000190734863,4.5,2,ridge_alpha_1.0,3.996030802837084,3.6111898680278802
739,6.326883101719813,6.411814515869512,6.199999809265137,6.900000095367432,1,ridge_alpha_1.0,6.31897702219244,6.365321692500623
759,6.030607952876933,6.065293625021979,6.699999809265137,5.900000095367432,2,ridge_alpha_1.0,6.003263599031386,5.969871659711812
777,5.681565541860631,5.611557397994387,6.199999809265137,5.099999904632568,1,ridge_alpha_1.0,5.6835337506072285,5.579649354815964
790,5.878820968435348,5.872501942977419,7.199999809265137,5.400000095367432,4,ridge_alpha_1.0,5.970706227964293,5.920108059743052
796,5.321614399020114,5.258982909615499,5.199999809265137,5.099999904632568,4,ridge_alpha_1.0,5.399073395469599,5.289192880597239
815,5.4836946713633195,5.457919798347307,5.5,5.900000095367432,1,ridge_alpha_1.0,5.443525314250794,5.404132951020149
824,6.051011805947035,6.078440976615453,7.199999809265137,7.0,4,ridge_alpha_1.0,6.074210272503497,6.11592806127145
839,5.011819818964143,4.88547259855315,5.699999809265137,4.400000095367432,2,ridge_alpha_1.0,5.042411993684771,4.885074113984663
841,5.010381240176095,4.67814891526383,4.199999809265137,4.699999809265137,3,ridge_alpha_1.0,4.972029480686355,4.725587693181715
846,5.128514835920648,4.9796818811650905,6.0,5.5,2,ridge_alpha_1.0,5.107072068089316,4.902566220589966
848,4.323358966435041,4.1012760014369265,2.200000047683716,2.700000047683716,5,ridge_alpha_1.0,4.289782228952614,4.020644224949738
850,5.024317563747027,4.900386995607031,3.5999999046325684,3.0999999046325684,5,ridge_alpha_1.0,5.006501169518973,4.865440699917873
851,4.887835447074684,4.69309624967839,5.0,4.400000095367432,5,ridge_alpha_1.0,4.889247346926752,4.651092346587524
871,5.561801440708015,5.278778832650917,6.400000095367432,6.0,1,ridge_alpha_1.0,5.498470879956201,5.309941487457455
899,5.01003816751577,4.854575201450559,5.300000190734863,6.300000190734863,4,ridge_alpha_1.0,5.105068942123549,4.935308273003104
903,5.729704485900363,5.763417141239681,5.900000095367432,5.599999904632568,2,ridge_alpha_1.0,5.718877008942453,5.673625125556634
909,5.680461059554107,5.5942919176809385,6.0,5.5,1,ridge_alpha_1.0,5.652361171520202,5.577806750619275
934,5.689260381749884,5.585330474127962,6.199999809265137,6.400000095367432,4,ridge_alpha_1.0,5.613190934335573,5.595825731750188
936,5.895872681430636,5.927358441272247,5.400000095367432,4.699999809265137,3,ridge_alpha_1.0,5.867428382642086,5.879198338304473
941,6.182506975197814,6.2071371572174,7.199999809265137,5.900000095367432,2,ridge_alpha_1.0,6.182172010793769,6.200225136963708
955,3.958719211363996,3.3962158020675863,3.799999952316284,5.599999904632568,2,ridge_alpha_1.0,4.000065728962605,3.524309307147833
968,4.638879330637814,4.258893639596044,3.799999952316284,3.200000047683716,3,ridge_alpha_1.0,4.610778870504021,4.286423040556589
978,6.4812909401958265,6.530561214038746,7.699999809265137,6.099999904632568,5,ridge_alpha_1.0,6.533099972053195,6.594662461632227
983,6.634264971403254,6.896139952044326,4.800000190734863,6.300000190734863,3,ridge_alpha_1.0,6.62385533799778,6.796130213247922
999,5.461719206812221,5.403117600973505,4.099999904632568,5.900000095367432,2,ridge_alpha_1.0,5.412522415534532,5.2432437392142015
1004,4.689445293890537,4.5212204993440634,3.799999952316284,4.699999809265137,5,ridge_alpha_1.0,4.7083695118129105,4.4940341796963486
1005,5.15909484391316,5.009414806564908,5.400000095367432,5.099999904632568,4,ridge_alpha_1.0,5.194387427604586,5.045927436354335
1008,4.572978104745749,4.276453164498108,6.0,5.400000095367432,1,ridge_alpha_1.0,4.58520059599918,4.338028941983416
1020,4.581910176281203,4.294837801282111,3.400000095367432,2.5,4,ridge_alpha_1.0,4.6966296613782275,4.319017115725931
1023,3.619651041633625,3.2443594539392766,2.900000095367432,2.299999952316284,5,ridge_alpha_1.0,3.6255445066280534,3.1532558896012364
1026,3.628844716532134,3.1787559311568883,3.700000047683716,2.799999952316284,5,ridge_alpha_1.0,3.676849866226865,3.104421075223995
1032,4.114433816800673,3.724841431510262,3.299999952316284,4.099999904632568,2,ridge_alpha_1.0,4.194146666558431,3.9137087818870855
1033,5.021360991628806,4.7847284759741076,5.300000190734863,5.599999904632568,1,ridge_alpha_1.0,4.995809177353995,4.827837565058684
1036,4.355318668824267,4.072668495314387,4.800000190734863,3.0,4,ridge_alpha_1.0,4.352927627647496,4.052809431588234
1048,5.914108839314212,5.960038644214138,5.0,6.699999809265137,2,ridge_alpha_1.0,5.8474776394095445,5.803845669884988
1051,3.9307993156838545,3.4428271704263027,5.199999809265137,5.300000190734863,2,ridge_alpha_1.0,3.9886214396511663,3.564225388530308
1052,4.65297647730462,4.415832758015155,5.5,6.599999904632568,1,ridge_alpha_1.0,4.6586761821546965,4.444779062889362
1061,6.094221537225513,6.042779910576109,6.5,6.199999809265137,3,ridge_alpha_1.0,6.026391593676449,5.9826269180152964
1062,5.228592280148028,5.081398982428896,4.099999904632568,4.300000190734863,2,ridge_alpha_1.0,5.243334007746978,5.092421886597671
1072,5.945351345978648,5.947136543701556,6.300000190734863,5.5,1,ridge_alpha_1.0,5.949721333731486,5.875232478386516
1088,7.3053419789333445,7.8966447269108,7.300000190734863,6.599999904632568,3,ridge_alpha_1.0,7.172890742958385,7.4404372153731275
1092,5.800435405444117,5.688993970396369,5.800000190734863,6.300000190734863,1,ridge_alpha_1.0,5.770136476363531,5.651464758075521
1097,5.482708083821036,5.452560377847284,5.5,5.400000095367432,1,ridge_alpha_1.0,5.517073253637025,5.45578414996809
1111,3.7197171395273587,3.2674461249668365,3.200000047683716,2.900000095367432,1,ridge_alpha_1.0,3.713771665310004,3.349896603922531
1113,3.7234280212874373,3.441080630764108,3.400000095367432,3.0,5,ridge_alpha_1.0,3.6914340831154577,3.339412031652042
1117,4.032439068082722,3.7835506772688934,4.199999809265137,3.400000095367432,3,ridge_alpha_1.0,4.015745724458933,3.6839488519735335
1120,3.53490239609284,3.194076297689705,3.400000095367432,2.799999952316284,4,ridge_alpha_1.0,3.663111952527211,3.1974987824514223
1127,3.388153768069627,2.8533359289380513,3.400000095367432,3.0,2,ridge_alpha_1.0,3.432101092477796,2.9962959875456594
1128,3.177901237841006,2.4272410459165705,3.700000047683716,2.700000047683716,1,ridge_alpha_1.0,3.0927259520779367,2.4257900480761703
1135,3.345158793556558,2.7740686109484414,3.0999999046325684,2.700000047683716,2,ridge_alpha_1.0,3.376605829714752,2.8380703014615825
1140,5.281469391288871,5.180946418846889,5.900000095367432,5.400000095367432,1,ridge_alpha_1.0,5.260934615417763,5.167323701455376
1148,3.8932062884906946,3.500933179563013,3.400000095367432,3.0,4,ridge_alpha_1.0,3.9627265384139516,3.526603594533726
1154,3.6875690942761645,3.3581938382909544,3.900000095367432,4.400000095367432,5,ridge_alpha_1.0,3.6880975214805876,3.271669814138189
1186,3.32641258789291,2.845582332839368,3.700000047683716,1.899999976158142,5,ridge_alpha_1.0,3.3266175005975303,2.723370335810646
1208,4.590396384689911,4.3380475809347905,6.199999809265137,4.599999904632568,5,ridge_alpha_1.0,4.608944638469183,4.295488725626196
1212,3.594787884200722,3.199616579904599,3.5,2.700000047683716,3,ridge_alpha_1.0,3.567622578792252,3.112654563138199
1214,5.374255591966648,5.255522943671406,6.199999809265137,5.300000190734863,4,ridge_alpha_1.0,5.4205302449486945,5.290866470522305
1217,3.465117797077531,3.0365482786241786,3.900000095367432,2.5999999046325684,5,ridge_alpha_1.0,3.460253811310846,2.9251988595634257
1229,5.328540777143297,5.252326237276275,5.199999809265137,4.300000190734863,4,ridge_alpha_1.0,5.377718400882593,5.278611855097859
1232,5.555421416683623,5.477769312957857,6.900000095367432,6.300000190734863,3,ridge_alpha_1.0,5.552828443106254,5.505834946179957
1238,5.615779885663564,5.4571385871127704,5.5,5.099999904632568,1,ridge_alpha_1.0,5.588156282856471,5.445181275041973
1252,4.824737013772603,4.615760126961763,5.199999809265137,5.099999904632568,4,ridge_alpha_1.0,4.767223567285294,4.556442274495235
1269,3.7820096208090677,3.2689572232557547,3.5,4.400000095367432,2,ridge_alpha_1.0,3.8396796705691565,3.4371251927502886
1273,5.438561788758068,5.283605299963196,4.800000190734863,5.599999904632568,2,ridge_alpha_1.0,5.418979248827517,5.214028170256425
1274,5.771654097341335,5.716615275333924,6.0,5.400000095367432,3,ridge_alpha_1.0,5.73330710177614,5.671827173516974
1277,3.653869116033107,3.084166945579886,2.900000095367432,2.200000047683716,2,ridge_alpha_1.0,3.6537503630976795,3.095523620095412
1278,5.127200902429984,4.90661713719607,5.099999904632568,4.099999904632568,2,ridge_alpha_1.0,5.1290751503187275,4.878293525536925
1282,6.237613730230387,6.3243791295548375,6.800000190734863,6.400000095367432,1,ridge_alpha_1.0,6.237312498878765,6.350217988634516
1285,5.380739543877097,5.292241418683677,5.099999904632568,4.900000095367432,4,ridge_alpha_1.0,5.447383186416158,5.339334427926059
1295,6.3451568486103,6.52139065654909,6.900000095367432,6.400000095367432,1,ridge_alpha_1.0,6.350763628657714,6.466886388839914
1301,3.1752499502085807,2.5651528613169563,4.400000095367432,2.799999952316284,2,ridge_alpha_1.0,3.176576912029098,2.5766368358384137
1308,5.700880252247111,5.762579218470821,5.800000190734863,5.300000190734863,2,ridge_alpha_1.0,5.696955356998316,5.7028231055405625
1313,4.471927993487865,4.214241380929592,4.199999809265137,3.0,5,ridge_alpha_1.0,4.504666418120052,4.170987764238786
1316,4.870325730119416,4.701098092073122,5.199999809265137,4.0,3,ridge_alpha_1.0,4.856590320410354,4.655982711147627
1321,4.94372761448311,4.734701647783663,4.5,5.699999809265137,5,ridge_alpha_1.0,4.965520347331306,4.701401146444492
1328,3.6018581834088987,3.105008572686313,4.400000095367432,2.700000047683716,1,ridge_alpha_1.0,3.581462934647921,3.099870037678374
1333,4.879513961839032,4.687823156255413,4.5,5.699999809265137,4,ridge_alpha_1.0,5.011029421526148,4.773390358864717
1339,5.329347413735007,5.316134502193793,7.199999809265137,6.800000190734863,2,ridge_alpha_1.0,5.3476627495801194,5.354633789550084
1343,5.463756962915785,5.438013747598988,6.0,5.400000095367432,2,ridge_alpha_1.0,5.494185138775665,5.4588442411155285
1352,6.478334340409551,6.604059133961063,6.699999809265137,6.400000095367432,4,ridge_alpha_1.0,6.396206148975215,6.587059323435518
1361,3.859867643295079,3.6415082337742763,4.400000095367432,2.5,3,ridge_alpha_1.0,3.872459820593842,3.547132809929149
1366,6.146562662077643,5.999170236353244,5.400000095367432,6.300000190734863,1,ridge_alpha_1.0,6.103245540482005,5.99105401336387
1380,3.9044245953332153,3.430974114861323,4.099999904632568,4.5,3,ridge_alpha_1.0,3.8750884656048727,3.4542487822337042
1383,4.529713264420989,4.288822898014963,5.599999904632568,3.0,5,ridge_alpha_1.0,4.530753711938917,4.23387811608166
1386,4.726594229008785,4.570764783129487,5.900000095367432,5.0,4,ridge_alpha_1.0,4.737599101293924,4.553440134183001
1387,3.9251346029922143,3.7054006774871926,6.099999904632568,4.5,4,ridge_alpha_1.0,4.109011650208995,3.764382344496142
1393,5.568213277693517,5.3109560779880445,6.199999809265137,4.099999904632568,4,ridge_alpha_1.0,5.648067466456027,5.429218183785147
1404,3.636855657628049,3.1050187884824183,3.799999952316284,2.700000047683716,3,ridge_alpha_1.0,3.6707466447659036,3.1933948247038595
1409,4.550912185324663,4.242101547363457,4.900000095367432,3.700000047683716,1,ridge_alpha_1.0,4.540120411509318,4.259203289755095
1410,5.200492990142354,5.027499776759752,6.0,4.400000095367432,5,ridge_alpha_1.0,5.217948221903836,5.004630781846774
1411,4.3717159104992565,4.106810432307441,3.900000095367432,2.700000047683716,3,ridge_alpha_1.0,4.327591437264807,4.018826930118214
1419,4.59095739894154,4.315798694751504,3.700000047683716,2.5,4,ridge_alpha_1.0,4.583233739838615,4.303176246518089
1437,5.377769457473016,5.218576215082219,5.099999904632568,4.5,5,ridge_alpha_1.0,5.335315950699542,5.169324700185015
1440,5.426530380327493,5.339254051586222,5.099999904632568,4.900000095367432,2,ridge_alpha_1.0,5.43392881186778,5.306507745306633
1441,4.584112090866393,4.34326403641207,5.0,4.0,4,ridge_alpha_1.0,4.537649668124582,4.30036254473665
1451,4.333254537329419,4.074574092625146,5.099999904632568,4.800000190734863,3,ridge_alpha_1.0,4.315199407231237,3.972104862933448
1464,5.1613311557562955,4.966821256886102,4.800000190734863,4.400000095367432,2,ridge_alpha_1.0,5.116641378396434,4.868927813639639
1472,4.904578104674056,4.734647881763894,5.0,5.199999809265137,5,ridge_alpha_1.0,4.878963885102267,4.686203003158823
1481,4.062584263725606,3.552117087629589,3.900000095367432,3.700000047683716,3,ridge_alpha_1.0,4.035948880666095,3.5768339473385007
1495,4.212892629311432,4.122349950280155,4.400000095367432,3.900000095367432,3,ridge_alpha_1.0,4.1714871380457454,3.8898590673966185
1498,4.991853995806241,4.780782270189038,4.800000190734863,3.799999952316284,3,ridge_alpha_1.0,4.97419904129312,4.764752700169588
1505,5.2077019838179766,4.980994459553478,4.199999809265137,4.900000095367432,3,ridge_alpha_1.0,5.208299635649245,5.043641711102366
1511,5.921942036222984,5.833084846209999,5.5,5.599999904632568,3,ridge_alpha_1.0,5.8973646857846305,5.861816829082761
1513,5.738888974138762,5.668173819109189,6.099999904632568,6.300000190734863,1,ridge_alpha_1.0,5.7128259586811225,5.653714200575243
1514,5.684100830593879,5.6433023368604625,4.599999904632568,5.400000095367432,2,ridge_alpha_1.0,5.67926324386449,5.617964264330413
1521,5.576300094609849,5.502847897077763,4.800000190734863,4.900000095367432,2,ridge_alpha_1.0,5.564023782899426,5.399325075340505
1523,5.871640199497841,5.807060914532099,6.900000095367432,4.800000190734863,1,ridge_alpha_1.0,5.868850178755242,5.7771789365400625
1524,5.3955154258328015,5.261491179020424,5.599999904632568,4.400000095367432,2,ridge_alpha_1.0,5.359018771873633,5.182591012136556
1532,5.498891662019163,5.445610212581009,5.800000190734863,5.599999904632568,1,ridge_alpha_1.0,5.510905149510108,5.454938687740827
1539,4.094230803152588,3.7840708616702763,4.400000095367432,4.699999809265137,4,ridge_alpha_1.0,4.26366532017858,3.8108201475604178
1548,4.171544703393849,3.7859850161428774,4.599999904632568,3.700000047683716,5,ridge_alpha_1.0,4.210846070758627,3.7420971928576465
1551,5.488573886905056,5.417795374686014,5.599999904632568,5.400000095367432,5,ridge_alpha_1.0,5.466823892216746,5.397364909070903
1554,5.0371377099884285,4.86593674666041,5.800000190734863,4.5,5,ridge_alpha_1.0,5.01554622584625,4.8241704526492635
1563,4.829514992290317,4.644290335459151,5.099999904632568,5.699999809265137,4,ridge_alpha_1.0,4.928713957659956,4.656591648922635
1589,5.9565749987513446,5.901388653842452,5.800000190734863,6.099999904632568,5,ridge_alpha_1.0,5.963977839935152,5.906091994347356
1594,5.359867061414645,5.116940945221731,5.599999904632568,5.400000095367432,3,ridge_alpha_1.0,5.308597175072971,5.072491645843617
1606,5.2716847423622255,5.079504597195318,5.599999904632568,4.900000095367432,2,ridge_alpha_1.0,5.267907864870654,5.106872107872146
1611,6.0680640851151875,5.934111182623201,5.699999809265137,6.199999809265137,1,ridge_alpha_1.0,6.004270336433894,5.928097874555239
1620,5.926020000471881,5.960352615034636,6.300000190734863,5.699999809265137,2,ridge_alpha_1.0,5.927548807037742,5.931992730340082
1624,6.396992929310912,6.3719839665089175,5.699999809265137,6.400000095367432,1,ridge_alpha_1.0,6.379595224997427,6.38978078617882
1626,6.311248693395354,6.396400372340996,6.099999904632568,6.0,2,ridge_alpha_1.0,6.309240204619241,6.348556677362549
1628,4.899579329753615,4.676073565497278,4.699999809265137,4.800000190734863,4,ridge_alpha_1.0,4.9178250910183205,4.677767809309027
1629,5.735635132207061,5.760341054495913,6.400000095367432,6.300000190734863,1,ridge_alpha_1.0,5.771829882120208,5.746726841324034
1639,5.6829231098788116,5.587029418026558,5.300000190734863,5.300000190734863,2,ridge_alpha_1.0,5.6664275909504775,5.491606130109302
1647,5.741762755474294,5.7341476181749025,7.099999904632568,5.800000190734863,2,ridge_alpha_1.0,5.7290756684930955,5.6575744002149415
1653,4.070559514463024,3.8393028531643125,4.300000190734863,3.0999999046325684,3,ridge_alpha_1.0,4.062011885598726,3.707696608593264
1654,3.974441419307178,3.7163920954868894,4.800000190734863,3.0999999046325684,5,ridge_alpha_1.0,3.975654028905148,3.6417514727403857
1657,5.327622451148387,5.230237199848484,5.599999904632568,5.699999809265137,4,ridge_alpha_1.0,5.380001153807252,5.274221961499932
1665,5.672206572539893,5.529713767146831,5.599999904632568,5.699999809265137,4,ridge_alpha_1.0,5.661108561176024,5.577531364067708
1666,4.336433923659406,4.1226217532701845,3.799999952316284,3.299999952316284,4,ridge_alpha_1.0,4.240130432090797,4.037492343002144
1667,5.750381296392257,5.833511705243044,6.0,7.5,5,ridge_alpha_1.0,5.77697224651796,5.874051124349318
1668,5.6602648358132015,5.577963798358576,5.5,5.5,1,ridge_alpha_1.0,5.666652804931046,5.600108138134979
1670,6.037487452051116,6.08826315925352,5.900000095367432,5.400000095367432,1,ridge_alpha_1.0,6.044201055832815,6.032555878982065
1683,5.155546966916192,5.057927273908331,6.0,4.800000190734863,2,ridge_alpha_1.0,5.141347280338915,5.007974356781728
1687,5.198400201503547,4.966709677952814,5.099999904632568,4.699999809265137,4,ridge_alpha_1.0,5.318756477229162,5.0566492214860554
1691,4.4220170729150725,4.042860710925296,3.700000047683716,3.5999999046325684,3,ridge_alpha_1.0,4.380058516912289,4.047475932590439
1694,5.555759459205564,5.445322033012432,4.5,6.099999904632568,4,ridge_alpha_1.0,5.565129366481229,5.4652171109741055
1696,4.176656797746692,3.9109269529571735,3.799999952316284,3.299999952316284,5,ridge_alpha_1.0,4.1680584811533175,3.842658166721395
1708,3.953990542577526,3.6183157421251035,4.199999809265137,3.5999999046325684,3,ridge_alpha_1.0,3.97487741237698,3.633341532974897
1716,4.966310547005377,4.811167188227804,5.800000190734863,5.400000095367432,1,ridge_alpha_1.0,5.017843417494211,4.892711166584229
1719,3.314893683090979,2.769613425110481,5.0,3.299999952316284,4,ridge_alpha_1.0,3.359131529698432,2.775656464036027
1735,4.04022617464268,3.6838892689977936,4.699999809265137,3.0,5,ridge_alpha_1.0,4.049525978920603,3.6190003264606068
1736,5.182724943121515,5.037245595506523,4.699999809265137,3.0999999046325684,5,ridge_alpha_1.0,5.163932070328509,4.996091486761011
1739,3.8017193468642883,3.362483757577359,3.700000047683716,2.799999952316284,4,ridge_alpha_1.0,3.762735171582802,3.308818058715504
1741,4.2990676188526376,3.9479641813748554,3.299999952316284,3.5,1,ridge_alpha_1.0,4.284783792165427,3.9645676985111358
1742,5.325302126878736,5.191089828255099,6.800000190734863,5.099999904632568,4,ridge_alpha_1.0,5.421063728901396,5.244283911071342
1752,6.344348394914085,6.313682324539597,5.5,6.099999904632568,4,ridge_alpha_1.0,6.3149602303694214,6.369625864752477
1753,4.824679702315511,4.571720179284815,3.200000047683716,3.400000095367432,1,ridge_alpha_1.0,4.809104701859505,4.581486802073625
1756,3.836165636737257,3.3709995621980458,4.400000095367432,3.900000095367432,2,ridge_alpha_1.0,3.879469629832638,3.5125851977302665
1757,3.9908661232328093,3.449032195117651,5.0,3.0999999046325684,1,ridge_alpha_1.0,3.953368647649569,3.4861895822376656
1765,5.576080560717951,5.441155445425626,5.800000190734863,4.599999904632568,1,ridge_alpha_1.0,5.546583518298788,5.424173016602144
1770,3.557354660240812,3.1756477257040205,4.5,2.900000095367432,5,ridge_alpha_1.0,3.586757551281501,3.109727488588307
1772,3.802244877675582,3.377237903453498,5.599999904632568,4.300000190734863,2,ridge_alpha_1.0,3.891748471636663,3.6565918325327074
1777,4.14654335263099,3.8372744449131844,5.300000190734863,4.400000095367432,3,ridge_alpha_1.0,4.156547682667951,3.816849714226481
1779,3.9083878071470552,3.411293512672354,5.699999809265137,2.900000095367432,3,ridge_alpha_1.0,3.8983471516189576,3.444191877614684
1785,5.676047645949365,5.655345185541968,5.599999904632568,5.199999809265137,1,ridge_alpha_1.0,5.679266564395446,5.6034817051317365
1786,3.5028287677224235,2.8991001339434463,4.199999809265137,3.0999999046325684,2,ridge_alpha_1.0,3.5393037603209976,2.9787235088710466
1790,4.4316847724325585,4.17222758859134,3.799999952316284,3.299999952316284,3,ridge_alpha_1.0,4.415626967822474,4.12933501629141
1791,3.9301200722569956,3.7082987507674368,5.300000190734863,3.299999952316284,5,ridge_alpha_1.0,3.950340931523826,3.654315458775299
1827,5.5487666494318955,5.5384221248289505,5.599999904632568,6.699999809265137,4,ridge_alpha_1.0,5.623320448773309,5.58830202824923
1834,5.78576824194201,5.681876349780387,6.300000190734863,5.699999809265137,4,ridge_alpha_1.0,5.786522789628588,5.7471940443840746
1835,4.289392946286013,3.9534438764007174,5.300000190734863,3.200000047683716,5,ridge_alpha_1.0,4.271203881466764,3.872956128493943
1836,5.302111830635318,5.1449421108574604,5.599999904632568,4.599999904632568,5,ridge_alpha_1.0,5.331358232259827,5.134661638238275
1841,3.171401481076645,2.640895682158622,4.599999904632568,3.0999999046325684,4,ridge_alpha_1.0,3.317177489417015,2.7105151848777744
1842,5.053658214843586,4.991074841315641,5.800000190734863,6.300000190734863,3,ridge_alpha_1.0,5.067292794094128,4.957709982347978
1847,3.724016237551257,3.283744051888422,3.200000047683716,2.5999999046325684,4,ridge_alpha_1.0,3.761957980776246,3.248821742873301
1854,4.852899324509418,4.698367675999644,5.199999809265137,4.5,4,ridge_alpha_1.0,4.97098122485413,4.749429725623779
1855,5.475976530705192,5.362924483593197,5.400000095367432,6.0,1,ridge_alpha_1.0,5.477988740173128,5.393422381546007
1856,6.05888215735465,5.830023656277985,6.099999904632568,6.699999809265137,3,ridge_alpha_1.0,5.969388849255088,5.863630373486743
1886,3.760290157144753,3.093720208652621,4.099999904632568,3.0,3,ridge_alpha_1.0,3.731113494633626,3.1771522404057237
1895,5.816711957534908,5.705357480833999,6.5,5.900000095367432,1,ridge_alpha_1.0,5.782753259530261,5.686634593664314
1900,5.794719985441045,5.751893303700842,6.5,6.699999809265137,5,ridge_alpha_1.0,5.80885047942451,5.757097979351021
1910,4.074695006445786,3.8166393257881515,3.799999952316284,3.299999952316284,5,ridge_alpha_1.0,4.060456331742054,3.744260403443781
1913,6.001776743308671,5.985195546409594,6.0,6.5,1,ridge_alpha_1.0,5.977797870106308,5.997342334708803
1915,5.429910479121992,5.333682091851616,6.300000190734863,6.5,2,ridge_alpha_1.0,5.415849415584417,5.330190204326251
1922,6.253982592585698,6.4911466756560445,5.599999904632568,5.800000190734863,1,ridge_alpha_1.0,6.293990728660068,6.45228883982459
1925,5.576285751242588,5.541708379250163,4.900000095367432,4.5,2,ridge_alpha_1.0,5.505898679912385,5.350471105119119
1935,4.977684597410141,4.717868761316721,4.699999809265137,4.400000095367432,5,ridge_alpha_1.0,5.048330217007886,4.725380103504493
1942,6.151859231741095,6.147805952187321,6.400000095367432,6.800000190734863,5,ridge_alpha_1.0,6.210039503412053,6.190903753985933
1944,4.8854138005823,4.445423932846865,6.099999904632568,5.099999904632568,3,ridge_alpha_1.0,4.865225598886399,4.555310868166064
1950,3.756476459055305,3.2671132458284022,3.799999952316284,3.400000095367432,2,ridge_alpha_1.0,3.7965119620485384,3.3655472047415893
1957,4.857116359556455,4.754395458429965,4.800000190734863,4.800000190734863,5,ridge_alpha_1.0,4.864073751467155,4.7277319899041705
1962,4.476146456536113,4.209785795139422,4.400000095367432,5.0,3,ridge_alpha_1.0,4.458369614020089,4.173795070864149
1965,3.415619081178886,2.866543156807274,3.299999952316284,3.5,2,ridge_alpha_1.0,3.454467693310349,2.9909911107823053
1966,4.913261590252495,4.745338203321493,3.5999999046325684,5.0,4,ridge_alpha_1.0,4.901269105023203,4.722838429013626
1976,4.897749028364393,4.696146867327925,4.900000095367432,5.400000095367432,2,ridge_alpha_1.0,4.9567940510053266,4.7680206729009615
1977,5.581817962704769,5.482818583005935,4.699999809265137,5.199999809265137,3,ridge_alpha_1.0,5.539312628590216,5.4415233214572325
1981,6.188593702332183,6.1637354749677655,5.099999904632568,5.800000190734863,3,ridge_alpha_1.0,6.127150755016203,6.132994878235721
1987,5.586338412419493,5.512006782476843,6.5,6.300000190734863,5,ridge_alpha_1.0,5.606369701541142,5.516636676855558
2011,4.551855659844877,4.178263722358706,4.199999809265137,5.0,1,ridge_alpha_1.0,4.496316991545782,4.177242054219127
2012,4.445445360406535,3.9738167161610187,3.1700000762939453,5.170000076293945,3,ridge_alpha_1.0,4.451046522928074,4.115360355436584
2029,5.370011644131388,5.217594660481815,4.170000076293945,4.0,1,ridge_alpha_1.0,5.358911500978847,5.247098417417579
2055,5.044505657416353,4.861821025330973,5.0,5.199999809265137,5,ridge_alpha_1.0,5.047712500727736,4.8298689308954
